GrossSpread,MarketValue,OfferPrice,Shares_offered,Syndicated,Num_underwriters,Day1Perf
740600,672,48,1150000,0,3,1
16351563,647,18,12500000,0,10,1
11765149,475,10,23157895,0,5,1
877675,29,5,1888888,0,1,1
1045781,427,8,1875000,0,2,1
54978000,693,70,14875000,0,5,1
16875000,625,25,25000000,0,7,1
4060000,2059,8,7250000,1,4,1
7107716,399,11,9230800,1,4,1
1750000,4271,10,2500000,1,3,1
5007093,560,7,11004600,1,4,1
2520000,301,12,3000000,0,3,1
6238750,2635,12,7750000,1,3,1
19808250,2086,17,17150000,0,4,1
2173500,221,12,4500000,0,3,1
31875000,2648,17,31250000,1,6,1
29997000,2349,17,30300000,1,6,1
5040000,374,16,4500000,0,5,1
4200000,263,12,5000000,1,3,1
5642000,81,13,6200000,1,3,1
3500000,175,10,5000000,1,4,1
9240000,1622,11,12000000,1,3,1
5390000,345,10,7700000,1,5,1
11050000,673,17,10000000,0,10,1
8276375,501,14,11750000,0,3,1
13125000,1443,13,15000000,1,10,1
8820000,1406,21,6000000,1,3,1
4200000,2147,10,6000000,1,3,1
6300000,357,10,9000000,0,4,1
280000,65,5,800000,0,3,1
6985300,250,9,11740000,1,5,1
11137500,464,11,15000000,0,7,1
675000,24,5,1500000,0,6,1
1932000,70,6,4600000,0,3,1
8960000,870,16,8000000,1,6,1
16446080,2556,16,14684000,1,6,1
10500000,3000,13,12000000,0,2,1
8820000,1105,15,8400000,1,7,1
6087944,87,10,8697063,0,4,1
3577204,413,11,6364000,0,4,1
4774000,213,10,6820000,1,6,1
2502000,115,7,6000000,1,2,1
5481000,357,15,5400000,1,3,1
2352000,8272,8,4200000,1,4,1
9884000,319,14,10000000,0,5,1
2802800,143,3,15400000,0,5,1
16520000,321,16,22600000,0,2,1
3430000,178,14,3500000,0,2,1
1344000,231,8,2400000,1,4,1
5652500,78,10,8500000,1,3,1
3831800,2293,14,3400000,1,3,1
63360000,2372,32,36000000,1,15,1
3850000,134,10,5500000,0,3,1
2800000,97,5,8000000,0,4,1
800000,560,4,4000000,1,2,1
7560000,388,14,8000000,1,4,1
4287500,993,7,8750000,1,4,1
5684000,669,14,5800000,1,3,1
840000,102,4,3000000,0,1,1
1575000,72,10,2250000,0,2,1
6000000,150,6,20000000,0,4,1
3323250,175,9,5000000,1,4,1
7035000,101,15,6700000,0,8,1
4312000,320,14,4400000,1,4,1
3325075,412,10,4874012,0,3,1
2940000,901,42,6000000,1,3,1
2800000,164,10,4000000,1,4,1
4921875,374,15,4687500,1,5,1
787500,43,8,1000000,0,1,1
176075651,81247,38,421233615,1,33,1
3780000,105,10,5400000,0,3,1
4375000,343,13,5000000,0,3,1
5452650,439,14,5770000,1,4,1
2576000,1091,8,4000000,1,1,1
2025000,75,8,7500000,0,4,1
19475668,89922,43,9058450,1,6,1
5250000,334,15,5000000,1,5,1
32500000,6993,10,100000000,1,6,1
3500000,146,10,5000000,1,3,1
4774000,584,10,6820000,0,3,1
9891000,750,9,15700000,1,6,1
7000000,144,15,6666667,0,9,1
29158380,2697,27,17384000,1,5,1
8000000,205,20,10000000,0,7,1
,126,39,9000000,0,6,1
14527500,126,39,9000000,0,6,1
15187500,315,15,15000000,0,9,1
3013500,157,7,6000000,1,5,1
2695000,107,7,5500000,0,4,1
735444,53,7,1500906,0,1,1
2064846,28,13,1736000,0,2,1
517500,39,5,1000000,0,2,1
8400000,819,16,10000000,1,6,1
28036374,1138,14,28125000,1,10,1
17100000,766,19,15000000,1,5,1
1540000,47,8,2750000,0,3,1
17680000,1509,17,16000000,1,7,1
25269554,1386,21,17500000,1,11,1
4901580,32,11,8700000,0,3,1
4200000,397,10,6000000,0,7,1
13125000,219,14,15000000,0,9,1
36975000,5118,12,72500000,1,9,1
,185,9,5400000,1,4,1
14389375,281,13,13750000,1,7,1
7482517,2770,28,24137931,1,9,1
1232159,24554,14,371967861,1,8,1
4725000,223,9,7500000,1,4,1
13608000,1520,14,14400000,1,4,1
4050000,267,15,4000000,0,7,1
6090000,257,15,5800000,0,3,1
6400000,200,20,8000000,0,8,1
4885650,240,9,7755000,1,4,1
8797800,6032,11,13330000,1,3,1
1470000,96,6,3500000,1,3,1
8977150,161,10,16000000,1,5,1
2240000,8609,8,4000000,1,3,1
3675000,1998,14,3750000,1,4,1
3150000,172,9,5000000,1,4,1
26141176,1802,16,29411764,1,12,1
7056000,12528,12,8400000,1,3,1
6960000,203,15,8000000,0,5,1
404250,76,5,1100000,1,1,1
8910000,193,12,11000000,0,7,1
10000000,215,20,10000000,0,7,1
9625000,308,11,12500000,0,6,1
6400000,207,20,8000000,0,10,1
3857000,55,19,2900000,0,3,1
10500000,185,20,8750000,0,4,1
6336000,339,11,9600000,0,7,1
3338917,2168,8,5500000,1,4,1
19206002,335,20,14706327,0,5,1
7000000,160,14,7272727,0,8,1
1410500,1488,7,3100000,1,3,1
18736185,1088,13,22173000,1,6,1
1400000,85,4,5000000,0,4,1
13999999,900,17,11764705,1,9,1
1509300,170,6,3600000,0,1,1
907200,46,7,1800000,0,2,1
7000000,343,10,10000000,1,3,1
33108387,7221,22,24078827,1,18,1
1365000,41,13,1500000,0,2,1
3417600,182,20,2670000,0,3,1
700000,40,5,2000000,0,1,1
882000,1455,6,2100000,1,2,1
11768918,3822,16,10300000,1,4,1
962500,64,11,1400000,0,2,1
9102000,186,20,7500000,0,7,1
17446548,802,21,11868400,1,2,1
19575000,540,15,29000000,0,10,1
33923617,2299,19,29757559,1,10,1
1312500,19,10,1875000,0,1,1
2360478,151,6,6131111,0,4,1
29655000,659,20,29700000,0,5,1
24008130,4906,15,67200000,1,3,1
4200000,200,15,4000000,1,2,1
13331273,191,9,20000000,0,4,1
194647344,4607,23,200000000,1,12,1
6370000,143,13,7000000,0,4,1
5194000,152,14,5300000,1,4,1
5586000,298,14,5700000,1,3,1
3080000,137,11,4000000,1,4,1
42728953,938,25,34183162,1,7,1
775125,19,7,1325000,0,2,1
18150000,726,22,13200000,0,10,1
4424749,292,12,5016722,1,5,1
12800000,210,20,10000000,0,5,1
15940000,250,25,10000000,0,7,1
14375000,399,20,10000000,0,7,1
1200000,52,6,3333333,0,3,1
3500000,338,10,5000000,1,4,1
27750000,646,19,25000000,0,6,1
5670000,280,9,9000000,0,5,1
960000,16,6,2000000,0,3,1
2450000,118,7,5000000,1,4,1
15629250,1253,19,12655263,1,6,1
5698000,171,19,7700000,0,8,1
36000000,725,18,40000000,0,10,1
6737500,337,14,6500000,0,3,1
26550000,2520,15,29500000,1,6,1
9800000,347,14,10000000,0,5,1
1540000,254,11,2000000,0,1,1
17245274,665,19,12500000,0,8,1
11454560,200,20,8500000,0,8,1
864000,18,6,1800000,0,2,1
11416689,865,12,15600000,1,5,1
23228830,961,14,24221929,1,5,1
780000,307,7,1200000,0,4,1
18313750,2015,14,17500000,0,3,1
28050000,1244,15,34000000,1,10,1
3501750,50,15,3335000,0,9,1
7068750,1053,15,7250000,1,6,1
17781993,1315,43,8843023,1,12,1
3570000,184,10,5100000,1,5,1
8925000,1196,17,7500000,1,3,1
800000,45,8,1000000,0,2,1
1877988,640,8,3025000,1,3,1
8932000,561,17,7700000,0,5,1
2604000,158,24,1550000,0,2,1
25245000,473,15,30600000,0,16,1
896000,37,5,2000000,1,2,1
11697023,728,19,8750000,0,6,1
11784500,235,13,12500000,0,6,1
5859000,313,9,9300000,0,3,1
940800,43,12,1120000,0,1,1
10500000,674,15,10000000,1,3,1
17550000,1331,20,15000000,1,2,1
10335053,1932,11,13333334,1,5,1
14375000,255,20,12500000,0,9,1
9926914,142,16,8726957,1,3,1
200083016,11257,31,280000000,1,15,1
5460000,127,13,6000000,0,2,1
5040000,283,10,7200000,0,4,1
3682033,202,11,5000000,1,4,1
10049425,526,12,13399233,0,5,1
40746779,3440,22,58000000,1,16,1
4437563,6825,11,5250000,1,5,1
13218370,536,20,9441693,1,6,1
5667970,516,11,7100000,1,5,1
15778000,479,16,12250000,0,5,1
27621402,435,19,24000000,0,7,1
1620000,70,9,2400000,0,2,1
4174932,216,10,5750000,1,3,1
10883600,146,13,11200000,0,12,1
4866050,246,9,10000000,1,4,1
19470000,1396,11,29000000,0,4,1
4620000,216,12,5500000,1,4,1
5006430,956,11,5835000,1,4,1
700000,442,8,1250000,0,2,1
4941177,307,12,5882353,1,4,1
16052400,531,21,11760000,0,5,1
847400,1118,5,2100000,1,3,1
4936400,22423,10,6880000,1,3,1
26786250,1093,13,35715000,1,9,1
10901800,641,13,11000000,0,7,1
1185000,54,6,3134921,0,2,1
1475000,179,13,2500000,0,2,1
21118665,14270,19,75564000,1,8,1
2592000,61,12,3200000,0,7,1
27600000,8266,16,25000000,1,9,1
12880000,194,20,8000000,0,8,1
11578122,196,14,13333333,0,7,1
9737000,282,13,10000000,1,3,1
31953126,554,15,33333334,0,6,1
6187500,69,20,4500000,0,5,1
7586313,253,13,15307692,0,8,1
5481000,372,15,5400000,0,3,1
17156875,764,20,13750000,1,6,1
14868750,249,13,16300000,0,6,1
7154904,219,10,10000000,0,6,1
7356824,609,19,5000000,0,7,1
23400000,670,20,18000000,0,7,1
20108400,306,15,20000000,0,8,1
14799422,691,19,13250000,0,7,1
17592642,874,21,13875691,1,4,1
3013500,31,21,2100000,0,3,1
570000,32,4,1700000,0,1,1
6408341,398,18,5085985,1,4,1
4125000,206,11,5357143,0,4,1
12979690,2062,12,16300000,1,6,1
5195313,148,10,7812500,0,3,1
1373400,134,4,14000000,1,4,1
6961500,338,13,8950000,0,5,1
5625900,283,15,6000000,1,4,1
24500000,1750,14,25000000,1,3,1
660002,17,5,2444450,0,2,1
9377500,85,19,7750000,0,4,1
28636364,2131,21,22727273,1,8,1
5800000,150,20,7250000,0,11,1
14833000,235,14,16300000,0,5,1
41895000,1350,18,49000000,1,10,1
1960858,44820,45,345750000,1,19,1
9100000,1362,13,10000000,1,3,1
2000000,55,10,4000000,0,4,1
23460000,2941,17,23000000,1,8,1
1350000,56,9,2000000,0,4,1
832000,3,13,800000,0,1,1
7560000,201,20,5500000,0,10,1
6075000,371,23,4500000,0,2,1
3225153,50,10,4500000,0,2,1
25781563,704,17,21100000,0,8,1
10783851,414,14,10600644,0,3,1
12350000,1036,19,10000000,1,5,1
7679815,141,15,4670000,0,4,1
6027000,132,15,5740000,0,4,1
42021000,1956,23,26100000,1,9,1
5700000,128,15,4000000,0,4,1
22425000,571,20,15000000,0,9,1
29669997,773,23,18695650,1,6,1
36571500,4538,14,63000000,1,13,1
2887500,154,8,5500000,1,3,1
11520000,4321,12,16000000,1,7,1
2052000,28,6,3600000,0,2,1
15456000,1486,23,9600000,1,5,1
4703675,612,15,5000000,0,3,1
9949500,786,17,9000000,1,5,1
466667,87,5,1333333,0,4,1
7969500,100,15,6600000,0,4,1
5494125,179,21,3500000,0,7,1
5250000,240,12,6250000,0,4,1
23800000,3490,14,34000000,1,10,1
9240000,330,12,11000000,0,4,1
5103000,284,14,6000000,0,5,1
6573913,394,14,6956522,0,4,1
6037073,327,12,7300000,1,4,1
3780000,272,12,4500000,1,3,1
5586000,301,14,5700000,1,6,1
1883700,453,13,4500000,1,4,1
7774633,282,13,8050000,0,4,1
6755000,421,10,9650000,1,5,1
1560000,186,13,3000000,0,2,1
8400000,196,16,7500000,0,7,1
2695000,299,11,3500000,0,3,1
2940000,121,7,6000000,0,4,1
12500000,300,20,10000000,0,9,1
7875000,175,20,8750000,0,7,1
36811805,818,20,37000000,1,39,1
14400000,320,20,16000000,0,14,1
4200000,301,12,5000000,1,4,1
6609750,205,19,5250000,0,6,1
29756250,1287,18,25000000,1,15,1
18112500,1284,15,21000000,1,11,1
10937500,574,13,12500000,0,4,1
5070000,152,20,3900000,0,4,1
,970,13,34615000,1,9,1
19529650,970,13,34615000,1,9,1
18000000,1497,25,12500000,1,9,1
6280180,267,9,9000000,1,4,1
15453375,221,18,12100000,0,7,1
9450000,1635,9,15000000,1,3,1
5793480,415,18,4500000,1,4,1
4255000,317,15,5750000,0,10,1
9624825,360,14,9500000,0,4,1
5950000,291,17,5000000,1,4,1
30043998,735,19,24508617,0,9,1
6300000,431,12,7500000,0,5,1
19348334,657,12,13333334,0,8,1
6036687,243,13,6250000,0,6,1
13991250,1146,21,10250000,1,6,1
55890000,851,20,40500000,1,9,1
5232500,200,13,5000000,1,4,1
11992500,418,12,14375000,0,5,1
29539120,2023,19,28000000,1,9,1
14175000,293,15,13500000,0,7,1
18882501,20178,31,32051284,1,8,1
3150000,1723,10,4500000,1,3,1
16466625,351,25,14000000,0,17,1
,63,8,6250000,0,3,1
7724001,202,12,10277779,0,9,1
3668000,342,11,6550000,0,4,1
5589000,444,23,3600000,0,7,1
12246686,326,16,12378000,0,4,1
3600000,60,10,6000000,0,4,1
21821250,935,22,17250000,1,16,1
6435000,2936,9,11000000,1,5,1
2555000,35,20,1825000,0,5,1
1200000,36,5,3000000,0,2,1
2688000,77,8,4800000,0,5,1
3611250,77,15,5150000,0,8,1
2106000,95,12,3052174,0,2,1
4406250,98,10,7500000,0,3,1
7350000,105,15,7000000,0,4,1
4792500,107,15,7100000,0,14,1
4950000,110,20,5500000,0,7,1
5175000,115,25,4600000,0,16,1
5310000,118,20,5900000,0,11,1
5737500,124,15,8250000,0,7,1
3543750,146,15,4650000,0,6,1
8640000,192,20,9600000,0,12,1
8640000,192,20,9600000,0,11,1
8953875,196,15,13040000,0,13,1
9843750,200,15,12500000,0,4,1
4243155,222,14,4200000,0,2,1
10350000,230,20,11500000,0,10,1
10575000,235,20,11750000,0,9,1
10890000,242,20,12100000,0,8,1
11711250,260,15,17350000,0,18,1
13050000,290,20,14500000,0,10,1
15070301,293,21,11500000,0,5,1
14940000,332,20,16600000,0,13,1
15525000,345,20,17250000,0,16,1
17415000,367,20,18350000,0,11,1
16605000,369,15,24600000,0,14,1
8400000,386,10,12000000,0,9,1
8935500,407,19,6000000,0,7,1
18463343,410,15,26800000,0,13,1
20295000,451,20,22550000,0,16,1
20700000,460,20,23000000,0,7,1
21150000,500,25,18800000,0,14,1
24044220,500,20,25000000,0,12,1
25633125,500,15,33350000,0,12,1
22545619,501,25,18500000,0,10,1
24840000,515,15,34300000,0,13,1
8750000,840,14,10000000,1,4,1
43785000,870,20,43500000,1,12,1
24642856,1476,20,20408163,1,7,1
88650000,1970,20,98500000,1,23,1
40000000,2539,16,50000000,1,10,1
271530000,5500,20,275000000,1,26,1
4226250,95,15,3500000,1,3,1
3465000,176,9,5500000,1,3,1
6037500,396,15,5000000,1,3,1
6425958,458,14,6250000,1,5,1
8437500,188,25,7500000,0,15,1
19125000,425,25,17000000,0,14,1
29925000,665,25,26600000,0,16,1
8325000,185,20,9250000,0,18,1
12352500,275,20,13350000,0,14,1
13950000,310,20,15500000,0,14,1
10562500,325,20,16250000,0,13,1
14850000,330,20,16500000,0,24,1
16065000,357,20,17850000,0,15,1
16200000,360,20,18000000,0,16,1
18000000,400,20,20000000,0,11,1
20880000,464,20,23200000,0,20,1
30600000,680,20,34000000,0,10,1
37125000,825,20,41250000,1,19,1
37863000,842,20,38000000,1,12,1
36450000,4051,20,40500000,1,14,1
5400000,120,15,8000000,0,10,1
17043750,379,15,25250000,0,16,1
38272500,803,15,53500000,1,22,1
10125000,225,25,9000000,0,15,1
9009000,3083,13,9375000,1,4,1
4125000,94,10,7500000,0,1,1
11925000,265,20,12550000,0,12,1
33300000,740,20,37000000,0,18,1
10462500,233,25,9300000,0,11,1
33750000,750,25,30000000,0,17,1
4185000,93,15,6200000,0,4,1
14442000,261,15,16000000,0,12,1
15178500,308,15,20500000,0,4,1
30305408,500,8,50000000,0,3,1
4070161,226,14,3650000,0,5,1
99945300,9546,20,145000000,1,21,1
11162667,24410,13,10666667,1,3,1
,275,25,11000000,0,14,1
22264130,575,20,28750000,0,15,1
36011250,800,15,53350000,1,16,1
76500000,1700,20,85000000,1,20,1
10530000,1515,15,10000000,1,6,1
35544375,1914,18,27500000,1,8,1
18149599,390,13,20200000,0,7,1
45956250,913,25,36500000,1,19,1
40500000,900,15,60000000,1,13,1
58125000,930,15,62000000,1,7,1
22837500,508,25,20300000,0,15,1
10620000,236,20,11800000,0,20,1
14850000,330,20,16500000,0,14,1
4620000,223,11,6000000,0,7,1
13905000,309,15,20600000,0,3,1
63000000,1400,20,70000000,1,12,1
10867500,443,15,14000000,0,6,1
3948750,88,15,5850000,0,13,1
74430000,1460,20,73000000,1,26,1
2302300,108,11,2950000,0,3,1
6892741,140,25,5600000,0,13,1
3896556,233,10,5566508,0,3,1
16065975,257,12,20000000,0,7,1
3018750,480,12,3750000,1,3,1
4760000,165,10,6800000,1,3,1
3003750,124,15,3900000,0,5,1
15019405,475,20,23750000,0,15,1
598500,60,3,2850000,0,2,1
1680000,72,7,3000000,0,2,1
70875000,1575,15,105000000,1,15,1
94837500,2108,15,140500000,1,16,1
8167500,182,15,12100000,0,10,1
1707750,71,15,2200000,0,6,1
16380000,335,20,16750000,0,17,1
5848395,494,20,4000000,0,6,1
38250000,800,20,40000000,1,16,1
37279701,6763,18,33000000,1,11,1
21850000,666,19,20000000,0,24,1
3038000,126,7,6200000,1,4,1
23225400,2005,34,8800000,1,9,1
13725000,305,20,15250000,0,8,1
28215000,627,15,41800000,0,15,1
5985000,81,15,4200000,0,4,1
7425000,163,15,11000000,0,3,1
19125000,375,20,18750000,0,13,1
2918184,688,8,9000000,0,3,1
15750000,600,18,11500000,0,7,1
9024649,234,13,9250000,0,4,1
39375000,875,20,43750000,1,10,1
20602766,438,17,18750000,0,13,1
17400679,357,21,11085000,0,8,1
94964203,2000,20,100000000,1,18,1
6161155,446,14,10000000,0,5,1
7392000,106,11,9600000,0,4,1
2551758,118,6,5500000,1,4,1
11787186,190,20,12201371,0,1,1
392376,320,11,5006495,0,2,1
760854,320,11,13454545,0,2,1
5476185,367,11,6660000,0,5,1
7848750,459,13,7500000,0,4,1
12187500,384,15,12500000,0,6,1
12549646,1600,25,19838300,1,5,1
1400000,1226,5,4000000,1,3,1
7000000,530,12,10000000,0,4,1
8004767,10936,8,13500000,0,4,1
19082675,1582,12,25000000,1,11,1
2415000,120,6,5000000,1,4,1
19658100,1631,19,20000000,1,4,1
2093000,406,13,4600000,1,2,2
50302500,3758,15,70600000,1,9,2
5985000,323,19,4500000,1,5,2
9843750,141,15,9375000,0,4,2
23161826,658,7,57189693,0,5,2
15906800,113,14,17480000,0,10,2
12075000,162,20,7500000,0,6,2
12000000,172,12,14285714,0,4,2
1932000,3461,8,3000000,1,2,2
2552817,186,8,4500000,1,3,2
5175000,86,15,5000000,0,7,2
4830504,201,8,8000000,0,3,2
5278000,309,13,5800000,0,5,2
23319791,356,13,28333333,0,6,2
10129919,409,12,11000000,0,5,2
36346590,600,21,28570000,0,9,2
11314945,1005,18,10000000,1,7,2
2898000,161,6,6000000,1,4,2
3980564,149,14,3532000,1,3,2
33750000,750,20,37500000,0,9,2
28980000,450,10,36000000,0,1,2
30420000,676,20,33800000,0,17,2
21000000,765,20,15000000,1,8,2
17745000,235,10,26000000,0,5,2
15120000,216,15,14400000,0,8,2
7200000,161,15,8000000,0,6,2
34849880,1300,13,50000000,1,6,2
10260000,228,15,15200000,0,4,2
60750000,1350,15,90000000,1,18,2
96862500,2153,25,86100000,1,24,2
5575024,269,13,6000000,1,4,2
2556181,16235,14,34814489,1,7,2
1785375,74,15,2300000,0,6,2
14715000,305,15,20300000,0,10,2
46215000,900,20,45000000,1,19,2
9811503,401,14,10294118,0,6,2
52650000,1170,20,58500000,1,18,2
10750000,218,11,16666667,0,3,2
2940000,775,7,6000000,1,4,2
42525000,945,15,63000000,1,18,2
2940000,1674,7,6000000,1,4,2
6327796,224,10,8696820,0,7,2
7516075,252,15,7100000,0,6,2
25527976,1752,9,52000000,0,6,2
14175000,216,9,22500000,0,3,2
39247200,3081,18,31600000,1,11,2
8460000,564,20,9400000,0,13,2
37500000,750,25,30000000,1,5,2
14430000,559,16,12500000,0,6,2
3780000,1138,4,13500000,1,4,2
11307660,380,10,15000000,0,6,2
35017500,596,15,29000000,0,8,2
9495266,3541,13,9409405,1,3,2
8085000,409,15,7700000,1,4,2
3504200,2643,10,4500000,1,4,2
49858969,706,19,36510000,0,9,2
3984750,1789,8,6000000,1,6,2
1418335,66,8,2600000,0,3,2
3220000,23,20,2000000,0,3,2
8750000,331,13,8700000,0,4,2
304500,20202,8,580000,0,1,2
5001819,387,14,4602547,1,3,2
4924500,70,11,6700000,1,3,2
1462500,304,8,2500000,0,5,2
10215380,310,20,6772500,0,3,2
2100000,618,5,6000000,1,2,2
3074315,783,8,5000000,1,4,2
963900,34,16,1020000,0,3,2
2773887,1209,7,6000000,1,4,2
10288353,1005,19,7150000,1,7,2
15750000,281,8,28125000,0,3,2
1863000,78,15,2400000,0,7,2
4735125,197,15,6100000,0,7,2
2450000,95,10,3500000,1,3,2
1470000,58,6,3500000,1,3,2
8732870,239,11,10000000,0,4,2
133875000,2620,20,131000000,1,22,2
4025000,158,10,5000000,1,3,2
16935188,655,17,12375000,0,4,2
1023000,74,15,1100000,0,1,2
21767200,734,16,16900000,0,5,2
1397250,58,15,1800000,0,7,2
12362500,671,22,8000000,0,10,2
47250000,1783,24,33333334,1,9,2
12524801,941,15,11764706,1,6,2
25200000,450,10,36000000,0,4,2
16200000,1801,15,24000000,1,10,2
98807931,2864,30,95466600,1,13,2
62775000,1275,20,63750000,1,4,2
7524339,19624,19,5300000,0,3,2
1231663,27,6,2200000,0,2,2
8904000,495,12,10600000,1,4,2
6107400,354,15,5800000,1,3,2
6118875,12719,7,12487500,1,4,2
1407000,75,6,3350000,0,2,2
3297200,95,12,4500000,0,3,2
3780000,268,18,3000000,0,3,2
2386360,128,5,6818170,1,6,2
22006688,555,21,13500000,0,9,2
16819156,878,13,18750000,1,8,2
7848750,242,21,5000000,0,5,2
14175000,1576,15,21000000,1,14,2
17451564,4233,18,12222399,1,5,2
4347000,252,9,6000000,1,4,2
14175000,316,25,11000000,0,10,2
2709000,151,6,6000000,1,4,2
12618375,547,19,8250000,0,12,2
19933333,258,16,16666666,0,9,2
15093750,216,11,16666667,1,5,2
12622596,1126,21,8000000,1,4,2
8783250,370,15,7700000,1,4,2
28750000,598,16,25000000,0,6,2
24150000,353,20,17500000,0,5,2
8006600,225,14,8170000,0,4,2
5346023,157,9,8000000,0,2,2
7245000,404,18,5000000,1,3,2
19835200,405,14,17600000,0,6,2
30403125,1063,15,29375000,1,10,2
1375000,50,10,2750000,0,1,2
11960000,814,16,10000000,1,7,2
7304348,243,12,8695652,0,4,2
8521351,562,22,6450000,0,4,2
7889000,508,7,14000000,0,4,2
10143000,525,12,10500000,0,6,2
3220000,142,8,5000000,1,4,2
2722222,395,7,5555556,1,1,2
5299903,261,11,6500000,1,4,2
17516800,345,17,12800000,0,6,2
74628994,5727,15,115000000,1,11,2
6085800,94,6,8400000,1,4,2
15214500,446,14,13500000,0,4,2
840017,760,9,1159445,0,1,2
9130436,128,15,8695653,0,5,2
136050750,49500,33,478000000,1,20,2
5152000,327,16,4000000,0,2,2
56249813,4809,15,88235000,1,8,2
15190350,401,19,10200000,0,5,2
5849130,185,21,3675000,0,4,2
4200000,75,8,7500000,0,4,2
17441667,1248,14,16666667,1,9,2
39744270,4318,18,43500000,1,13,2
45381875,718,21,27500000,0,8,2
1581250,22,10,2200000,0,2,2
8970000,151,20,6000000,0,5,2
3594938,150,17,2775000,0,3,2
6132420,613,18,4867000,0,4,2
37674000,1044,21,26000000,1,10,2
45022500,2618,27,29000000,1,7,2
5376000,286,12,6400000,1,4,2
10867500,312,14,10000000,0,4,2
9371250,321,17,7000000,0,5,2
7546875,473,15,6250000,0,4,2
16696131,1110,14,17250000,1,10,2
157828875,15456,30,126200000,1,33,2
10739808,5156,17,15164795,0,2,2
33712250,613,26,20500000,0,14,2
3542000,1812,8,5500000,1,4,2
13765500,214,6,28500000,0,1,2
8661679,12995,18,14721212,0,1,2
6040518,256,14,5558333,1,4,2
8241188,741,65,2100000,0,3,2
5848162,39350,16,60772782,1,6,2
8918000,553,13,9000000,0,6,2
1155000,131,8,2062500,0,4,2
202093334,7895,31,133333334,1,17,2
9775862,578,14,10344828,0,6,2
600000,23,6,1000000,0,1,2
8212500,183,25,7300000,0,7,2
3922800,155,12,4670000,0,4,2
13548150,300,9,18700000,0,4,2
7229613,21789,10,10871599,1,4,2
1104000,35,6,2000000,0,1,2
18301500,599,21,11750000,0,6,2
1470000,35,7,3000000,0,2,2
11070000,246,20,12300000,0,12,2
2131500,224,7,4350000,0,4,2
3366072,120,4,11250000,0,5,2
10199482,395,11,12066823,0,4,2
1450725,41,6,2900000,0,2,2
19320000,607,24,10000000,0,5,2
18716250,163,16,15000000,0,8,2
21850000,352,16,19000000,0,6,2
,144,8,4400000,0,1,2
6440000,236,12,7666667,0,4,2
644000,27,5,1400000,0,1,2
5936000,647,16,5300000,1,5,2
27600000,1774,16,25000000,1,7,2
3622500,359,10,4500000,1,3,2
4830000,175,12,5000000,1,4,2
16341500,477,14,14500000,0,5,2
1207500,33,4,3000000,0,1,2
14000000,802,16,12500000,1,4,2
5433750,165,9,7500000,1,4,2
10113300,1262,17,16525000,1,5,2
2030000,67,10,2900000,0,1,2
6578773,396,13,6329421,1,5,2
15459231,4395,17,12035000,1,8,2
13682123,571,13,13350000,0,5,2
46035938,650,21,30500000,0,7,2
14596875,277,20,10850000,0,5,2
3292972,114,7,6000000,1,4,2
7233500,4034,10,7400000,1,5,2
85570063,22434,19,60250000,0,7,2
4397942,132,10,6250000,1,4,2
4776100,226,10,6000000,1,4,2
7875000,113,15,7500000,0,4,2
5075000,2177,15,5000000,1,2,2
5232500,331,13,5000000,0,3,2
15185100,269,15,13500000,0,6,2
29785000,3998,10,37000000,1,7,2
26145000,6300,18,35000000,1,17,2
13266400,487,16,10300000,1,5,2
5796000,172,12,6000000,0,2,2
1787100,66,12,2127500,0,1,2
8058050,185,11,9100000,0,4,2
50758123,2535,27,30283020,1,9,2
34500000,1144,20,25000000,1,11,2
1408750,85,7,2500000,0,3,2
4550539,247,8,7066054,1,3,2
1050000,45,6,2500000,0,2,2
6198500,440,14,5500000,1,6,2
15760290,243,14,15060000,0,7,2
15462720,806,13,16700000,1,5,2
3136000,262,14,4000000,1,3,2
17917713,1127,14,16064157,1,8,2
8215830,124,22,4900000,0,5,2
6562500,372,15,6250000,1,5,2
37968975,4172,23,26100000,1,11,2
8946000,347,12,10000000,0,5,2
28350000,410,15,27000000,0,5,2
6037500,247,12,6250000,1,4,2
24122400,1416,12,30400000,1,10,2
5215614,340,8,8098779,0,4,2
39675000,2500,25,24000000,1,11,2
20160305,3312,26,11000000,1,8,2
17627016,913,16,14515000,1,6,2
10300672,224,15,9288000,0,3,2
192500,139,4,550000,0,1,2
17698900,1001,25,68511164,1,6,2
9177000,465,19,6000000,0,6,2
71685513,5071,23,60227274,1,12,2
6118000,8061,10,8000000,1,2,2
19551000,853,19,14700000,1,5,2
6875000,100,8,12500000,0,6,2
4231920,181,12,5038000,0,18,2
16736940,8500,9,25000000,0,4,2
115000,38,8,1000000,0,3,2
5460000,251,12,6500000,1,4,2
5460000,442,13,6000000,1,4,2
,805,38,2120000,1,3,2
29161125,2933,21,21000000,1,8,2
13814375,1161,10,19220000,1,9,2
5675250,125,15,4700000,0,3,2
6842500,337,10,8500000,1,5,2
133331000,15573,28,110000000,1,15,2
27236838,1638,20,18947366,1,12,2
44712000,3538,15,43200000,1,11,2
10062500,7917,10,12500000,1,5,2
24729600,1168,16,19200000,1,7,2
14638541,386,13,15666666,0,6,2
19038125,844,13,20375252,1,11,2
3823750,160,10,5000000,1,5,2
27945000,414,18,20000000,0,4,2
1837500,4729,7,3750000,1,2,2
4435200,176,16,3960000,0,3,2
6762000,323,12,7000000,1,4,2
3500000,118,5,10000000,1,4,2
39123000,1794,21,27000000,1,9,2
10117128,1741,14,8992700,1,4,2
7686000,110,18,6100000,0,6,2
2833600,20,22,1600000,1,3,2
19548397,507,11,26087000,0,5,2
29497500,1130,17,22500000,1,4,2
16422000,617,17,12000000,1,8,2
14620640,1120,16,11600000,1,15,2
19621875,1401,14,18750000,1,6,2
19061595,1557,23,10524000,1,7,2
4900000,285,14,5000000,1,2,2
15174250,392,13,14500000,0,5,2
7083201,229,11,7999098,0,6,2
3622500,59,12,4500000,0,2,2
27126587,3216,30,15657482,1,12,2
10390250,80,21,6500000,0,5,2
20829375,1544,15,17250000,1,5,2
6158250,474,17,4500000,1,4,2
49719675,1952,20,35150000,1,6,2
2656500,173,8,6500000,1,3,2
9360942,5605,20,7000000,1,4,2
13282500,795,15,11000000,1,7,2
15174250,462,15,14000000,0,6,2
5635000,430,8,10000000,1,10,2
6623227,472,13,6328932,1,4,2
18687500,676,20,12500000,0,7,2
17790960,679,22,11720000,0,11,2
12558000,862,12,13000000,1,3,2
13282500,910,22,8750000,1,9,2
24840000,1399,16,22500000,1,8,2
6927773,252,21,4500000,0,5,2
5711337,4936,16,10100000,1,2,2
12192005,802,13,12116279,1,6,2
47352113,7154,21,34100000,1,9,2
11586250,278,17,6500000,0,4,2
14179500,376,22,9000000,0,6,2
9740500,349,11,11000000,0,7,2
3500000,297,10,5000000,1,2,2
17265700,834,12,20887107,1,7,2
12447981,452,17,9096077,0,6,2
8633625,282,21,5500000,0,5,2
9982000,446,16,8000000,0,5,2
2447200,130,8,3800000,0,2,2
28520000,1580,19,20000000,1,5,2
26846750,1505,29,11500000,1,6,2
54539900,1788,17,46000000,1,6,2
14752630,967,13,18750000,1,6,2
8050000,243,12,8333333,1,4,2
2656500,92,11,3000000,1,3,2
3864000,2314,6,8000000,1,3,2
3773000,168,14,3850000,0,4,2
11672500,167,15,10000000,0,4,2
13137600,723,16,10200000,0,3,2
23328900,353,21,16800000,0,11,2
4677050,283,14,4150000,0,2,2
19672188,2170,17,17500000,1,15,2
15082250,450,22,10000000,0,7,2
3465000,173,17,3000000,0,2,2
3546296,128,6,7500000,1,4,2
29155500,211,15,28170000,0,8,2
4427500,210,10,5500000,1,4,2
6017200,3502,14,6140000,1,4,2
43642500,880,16,41250000,1,7,2
1207500,27,6,2500000,0,1,2
17867790,44675,12,50000000,1,6,2
3450000,3399,14,10845986,1,5,2
13000750,238,19,8500000,0,3,2
5071500,194,15,4200000,0,4,2
18630000,520,23,12000000,0,9,2
4025000,384,10,5000000,0,3,2
5071500,277,9,7000000,1,8,2
26881250,1046,22,17000000,1,5,2
32200000,800,16,28000000,1,6,2
26338163,2974,29,11700000,1,18,2
7705000,77,20,5000000,0,6,2
30223500,1040,16,26250000,1,5,2
9901500,124,15,8200000,0,5,2
4062663,7210,11,5000000,1,6,2
19621875,320,21,13000000,0,9,2
5358828,156,21,3350000,0,4,2
55936000,951,25,38000000,1,16,2
6440000,31,22,4000000,0,5,2
8633625,374,15,7150000,1,4,2
5152000,229,8,8000000,0,3,2
11068750,651,10,15400000,0,5,2
2658600,147,10,3500000,1,3,2
6641250,155,15,5500000,1,3,2
1250625,24,8,1875000,0,2,2
2940000,156,7,6000000,1,4,2
9660000,1080,12,10000000,1,6,2
38160134,900,23,30040000,1,6,2
82349584,3328,26,55083334,1,15,2
3622500,133,9,5000000,1,4,2
7921200,846,16,6150000,1,4,2
9295000,74,13,10000000,0,4,2
81691170,3465,21,66000000,1,10,2
13685000,601,17,10000000,1,5,2
31252942,2890,14,35294118,1,9,2
8050000,1085,12,8333333,1,7,2
14812000,605,20,9200000,0,5,2
6520500,406,9,9000000,0,6,2
23963520,2485,19,18000000,1,4,2
2240000,235,8,4000000,1,3,2
3941000,125,20,2500000,0,2,2
40572000,1291,14,42000000,1,13,2
2849700,1934,12,4000000,1,2,2
7043750,538,18,5000000,0,5,2
5232500,305,13,5000000,0,5,2
9177000,860,19,6000000,1,6,2
4427500,202,10,5500000,0,5,2
1925000,58,11,2500000,0,2,2
5313000,269,11,6000000,0,4,2
1501500,123,11,1950000,0,2,2
4379200,255,8,6800000,1,4,2
4353038,125,11,5150000,0,4,2
9944117,334,14,8823529,0,5,2
34030080,1150,12,42200000,1,8,2
7663600,272,14,6800000,1,4,2
12969445,604,15,11111111,1,6,2
3062500,137,7,6250000,0,3,2
4153800,299,12,5000000,1,4,0
4508000,329,8,7000000,1,6,0
7420000,306,20,5300000,0,3,0
17271528,398,17,12794067,0,3,0
3325000,208,13,3800000,0,5,0
3957406,131,12,4096694,0,4,0
4153800,92,12,4300000,1,3,0
10290000,88,22,6100000,0,5,0
17810625,404,21,12500000,0,9,0
13471172,464,17,11250000,0,7,0
6714979,85,44,1896442,0,1,0
3740066,234,9,5500000,1,4,0
17106250,2051,17,14000000,1,8,0
32637000,3351,22,21500000,1,7,0
7325500,238,10,9100000,0,4,0
4180680,256,14,3847000,0,3,0
5474000,678,17,4000000,0,4,0
2254000,290,14,10000000,0,5,0
16831801,1183,23,9090900,1,5,0
119935803,5444,39,61520912,1,10,0
10842857,1274,11,28571428,1,8,0
6375600,582,15,6600000,0,4,0
24293750,1083,25,13000000,1,7,0
3657238,122,5,10000000,0,4,0
14369250,445,21,8500000,0,5,0
6037500,595,8,10000000,1,6,0
5796000,504,12,6000000,0,6,0
7946471,396,9,10590000,1,5,0
16146000,534,18,13000000,0,5,0
7317450,374,12,7575000,1,8,0
20720700,257,18,14300000,0,6,0
23000000,368,20,16000000,0,9,0
18518701,928,21,10954570,1,5,0
8497221,643,19,5555555,0,5,0
10056750,648,22,6000000,0,7,0
31625253,2241,17,29412000,1,11,0
9750000,230,20,7500000,0,4,0
1288000,38,7,2000000,0,17,0
26897063,3341,16,20625000,0,3,0
4165875,171,12,4500000,1,3,0
91411200,988,36,48000000,1,13,0
41745000,1315,22,27500000,1,8,0
9096750,414,10,12300000,0,6,0
4588500,193,10,6000000,0,4,0
9579500,407,9,14000000,0,6,0
5433750,2293,9,7500000,1,3,0
10020640,837,18,9725000,1,6,0
10263845,711,9,17246536,0,6,0
1650250,212,21,1000000,0,2,0
2816625,711,19,7612500,1,1,0
46346495,4477,23,29000000,1,11,0
4360417,353,13,4166667,1,6,0
7100100,313,14,6300000,1,4,0
10183250,552,12,11000000,1,7,0
28190131,1693,18,23684211,1,11,0
22785813,930,22,16375000,1,13,0
33992563,900,17,26750000,1,4,0
18112500,3288,15,15000000,0,4,0
26198438,742,18,18750000,0,7,0
9810938,419,13,9375000,0,6,0
7212241,343,17,5270180,1,4,0
18168150,2135,22,15500000,1,4,0
10216893,407,17,7465761,1,5,0
7059850,327,10,8770000,0,6,0
7000000,298,10,10000000,1,4,0
13125159,406,9,19181818,0,7,0
8875125,219,25,4500000,0,5,0
10867500,330,15,9000000,0,5,0
3864000,143,12,4000000,1,4,0
12880000,1000,16,10000000,1,6,0
5362500,487,22,3750000,0,2,0
7735000,271,13,8500000,0,3,0
3150000,111,18,2500000,0,3,0
9297750,296,18,6600000,0,3,0
12046020,391,20,7482000,1,5,0
9650186,514,14,9847129,0,4,0
11305621,6650,11,12767500,1,5,0
18837000,379,18,13000000,0,7,0
4312000,150,14,4400000,1,2,0
6043538,284,11,6825000,0,4,0
14743575,642,19,9900000,1,6,0
21735000,1400,14,20000000,0,6,0
12092395,593,12,12518008,0,5,0
6762000,467,14,6000000,1,4,0
20953359,1811,23,12675000,1,7,0
41897375,1182,19,29500000,1,7,0
3430000,47,14,3500000,1,3,0
12250000,568,14,12500000,0,4,0
6967275,347,15,5770000,1,5,0
3622500,184,8,6000000,1,3,0
4427500,167,11,5000000,1,3,0
10035666,630,17,7333333,0,4,0
78688750,6671,19,100000000,1,12,0
5735625,247,8,9500000,0,3,0
13685000,892,17,10000000,1,5,0
756315,7200,18,93952176,0,3,0
13386139,223,35,4751070,0,5,0
6617890,59,12,7289315,1,4,0
21528000,853,13,24000000,1,15,0
7877500,301,22,5000000,0,4,0
14053614,1239,20,9524000,1,4,0
8875125,2886,12,9000000,1,3,0
4427500,765,11,5000000,1,4,0
51294600,16466,14,53100000,1,7,0
4025000,252,10,5000000,0,3,0
18238231,1813,15,15625000,0,4,0
7325500,440,13,7000000,1,4,0
15707125,364,15,13456522,0,4,0
5409600,232,14,4800000,1,2,0
11270000,270,14,10000000,0,5,0
86236260,2488,22,85250000,1,7,0
54280000,3816,20,47200000,1,7,0
9660000,1640,16,7500000,1,4,0
800000,28,8,1000000,0,7,0
4628750,1065,10,5750000,1,4,0
9202301,740,13,8793408,1,8,0
4709250,232,9,6500000,1,4,0
6037500,1165,15,5000000,1,4,0
2067125,764,23,12500000,1,5,0
9660000,496,15,8000000,0,4,0
7546875,350,13,7500000,1,3,0
6104582,207,13,5833333,0,5,0
6677475,96,21,3950000,0,6,0
6188326,273,10,7687362,1,4,0
9675389,476,12,10015930,1,4,0
12139835,1345,11,16000000,1,10,0
2817500,129,7,5000000,0,3,0
19996200,700,18,13800000,0,5,0
13209230,244,36,4558050,0,5,0
16307903,898,17,11916626,1,5,0
7889000,381,14,7000000,1,3,0
4761575,257,13,4550000,1,4,0
18647250,253,22,11750000,0,7,0
1540770,120,12,1914000,0,2,0
5930167,168,17,4333334,0,3,0
5635000,325,14,5000000,1,3,0
10777340,412,21,7000000,0,9,0
9901638,140,21,5857224,0,5,0
14127750,229,13,13500000,0,5,0
8211000,491,17,6000000,1,4,0
6501923,347,14,5769231,0,6,0
8211000,249,17,6000000,0,3,0
22848210,2530,24,17400000,1,5,0
2799388,165,7,5350000,1,4,0
20962200,2836,42,6200000,1,7,0
7848750,453,26,3750000,1,4,0
2639250,104,8,3750000,0,3,0
50236824,3022,19,161764700,1,11,0
1625000,4009,16,58810326,0,6,0
66270364,4009,16,58810326,0,6,0
23546250,399,21,15000000,0,9,0
16100000,762,16,12500000,1,5,0
8064000,409,16,7200000,0,3,0
19569836,2146,14,24709389,1,3,0
20548110,1673,15,21300000,1,7,0
62157500,15927,23,50000000,1,8,0
26261400,870,22,17300000,1,8,0
48510000,798,21,38000000,1,13,0
16592820,796,20,11202708,1,5,0
3944500,160,7,7000000,1,4,0
8923595,1362,15,7038230,1,5,0
58995000,3676,27,40000000,1,14,0
3430000,205,7,7000000,1,3,0
15697500,4838,15,13000000,1,6,0
18168025,1209,22,10258625,1,5,0
3381000,145,7,6000000,1,3,0
5390625,166,6,12500000,0,4,0
16905000,289,11,20000000,1,3,0
3944500,436,14,3500000,1,3,0
12982654,709,12,13439600,0,6,0
28448700,1447,20,20000000,1,6,0
1400000,53,5,4000000,1,2,0
8586667,342,16,6666667,1,5,0
8694000,661,12,9000000,0,6,0
7406000,430,16,5750000,1,5,0
6238750,252,16,5000000,0,3,0
21733965,4816,22,17181000,1,13,0
9784595,129,19,8187200,0,4,0
3549000,58,13,3900000,0,5,0
4347000,263,9,6000000,1,4,0
54591385,2202,17,73484164,1,5,0
44006820,3592,26,24530000,0,13,0
24840000,2516,18,20000000,1,13,0
5297041,224,15,4386784,1,5,0
53720419,23054,85,19605052,1,28,0
18112500,1941,15,15000000,0,4,0
7335563,521,14,6750000,1,5,0
6037500,247,15,5000000,1,6,0
12863900,693,17,10000000,0,3,0
12376875,568,21,7500000,0,5,0
2576000,64,8,4000000,0,7,0
6037500,165,15,5000000,0,4,0
6641250,258,11,7500000,1,5,0
16219140,1030,14,14600000,0,4,0
10270593,1276,10,13430000,1,3,0
6289063,134,13,6250000,0,3,0
1200000,21,8,1875000,0,1,0
8624999,343,15,7142857,0,4,0
6041525,392,10,7900000,0,5,0
6394586,529,12,6619654,1,5,0
10280834,6589,13,10833334,1,4,0
3150000,212,10,4500000,1,3,0
12179650,1393,17,8900000,1,10,0
7526750,7580,11,8500000,0,3,0
32656320,2850,17,27840000,1,12,0
10691406,585,17,7812500,0,5,0
10347735,459,19,6765437,0,4,0
3244150,140,13,3100000,1,2,0
7262500,426,14,6444100,1,5,0
3341394,79,20,2306000,0,3,0
5556110,450,14,5800000,1,4,0
15812500,982,22,10000000,1,7,0
15848438,685,18,10937500,0,5,0
1575000,18750,20,1750000,1,29,0
14033250,402,21,9900000,0,6,0
8114400,328,12,8400000,0,4,0
12831470,293,18,9108408,0,4,0
6158250,558,17,4500000,0,6,0
48300000,12861,20,35000000,1,14,0
4332363,236,6,8969697,1,6,0
15677375,538,19,10250000,0,5,0
7889000,822,14,7000000,1,4,0
6568800,289,12,6800000,1,5,0
5031250,249,10,6250000,1,6,0
12894350,874,19,8430435,1,5,0
3302215,141,10,4103000,0,1,0
2576000,164,8,4000000,1,3,0
3864000,406,6,8000000,1,8,0
5600000,307,20,4000000,1,4,0
7229250,396,17,6075000,0,3,0
7084000,827,11,8000000,1,4,0
5071500,174,9,7000000,0,5,0
21508594,836,19,14062500,1,4,0
7550900,269,14,6700000,1,4,0
9016000,750,10,11200000,1,5,0
655500,17,6,1000000,0,6,0
7220850,2175,13,6900000,1,4,0
8694000,378,18,6000000,1,3,0
9660000,569,16,7500000,0,4,0
14863979,6670,14,13188979,0,3,0
675000,47,8,1000000,1,2,0
3570000,66,17,3000000,1,3,0
12128906,1295,20,7812500,1,5,0
7406000,109,23,5000000,1,4,0
8586667,275,10,6666667,1,5,0
16934624,1265,19,11072000,1,4,0
7889000,296,14,7000000,1,4,0
9261525,653,13,8850000,1,5,0
17130400,686,16,13300000,0,7,0
8211000,464,17,6000000,1,5,0
19320000,1228,15,16000000,1,5,0
12578125,403,13,12500000,1,8,0
5433750,379,14,5000000,0,4,0
4528125,119,18,3125000,0,3,0
15697125,836,23,13627500,1,4,0
31091775,1442,26,15997500,1,5,0
8280000,441,16,7500000,0,5,0
76500000,12776,30,72000000,1,8,0
6613600,237,16,5200000,1,4,0
8553125,288,17,6250000,0,4,0
9559375,259,19,6250000,0,4,0
10891650,685,11,12300000,1,6,0
34155000,1827,18,27500000,1,5,0
7640568,11781,21,41465217,0,4,0
18032000,541,16,14000000,1,6,0
27303300,455,15,26380000,0,4,0
1298500,44,6,2450000,0,1,0
16100000,645,16,12500000,0,3,0
3381000,151,12,3500000,1,3,0
980375,18,5,1705000,0,2,0
16880850,2165,18,11650000,1,8,0
10465000,593,13,10000000,1,4,0
3864000,681,16,3000000,0,3,0
9977490,887,24,5164332,1,6,0
53693500,2944,28,29000000,1,12,0
6300000,398,18,5000000,1,5,0
20286000,252,18,14000000,0,12,0
10239600,474,12,10600000,1,4,0
8694000,490,18,6000000,1,6,0
6171935,362,21,3740000,1,3,0
16900975,1583,17,13300000,1,4,0
8610000,898,15,7150000,1,5,0
71739366,8162,25,52174088,1,5,0
7848750,492,13,7500000,1,4,0
5912479,290,16,5000000,0,5,0
9161830,682,12,9484296,1,6,0
11208015,606,13,10500000,1,6,0
3850000,163,11,5000000,1,3,0
9168950,321,17,6700000,1,6,0
9720375,981,18,6900000,1,3,0
10948000,1133,17,10000000,1,4,0
6431950,393,17,4700000,1,3,0
5366935,176,10,6667000,1,3,0
5255040,223,17,3840000,1,3,0
17388000,2155,27,8000000,1,6,0
8307600,559,24,4300000,1,5,0
7494469,414,14,6649928,1,5,0
6295100,265,17,4600000,0,3,0
6182400,223,16,4800000,1,3,0
9056250,529,15,7500000,0,3,0
6375600,360,18,4400000,1,3,0
787500,7,10,1000000,0,1,0
3596572,198,8,6422450,1,3,0
10398300,22066,11,11742857,1,4,0
23324593,1272,18,18779865,1,5,0
23332925,1056,22,13175000,1,7,0
6641250,282,15,5500000,1,4,0
7245000,356,18,5000000,1,3,0
1300000,158,7,4000000,0,2,0
5409600,267,15,4480000,1,3,0
7141500,598,8,11500000,1,5,0
10867500,8197,15,9000000,1,5,0
4628750,254,12,5000000,0,4,0
9660000,1526,10,12000000,1,4,0
5916750,772,14,5250000,1,4,0
15691057,14035,16,11762413,0,4,0
7446250,372,25,3700000,1,4,0
31600563,2464,19,22250000,1,14,0
17109540,182,18,12500000,0,5,0
7184625,449,17,5250000,1,5,0
153160000,60162,50,109400000,1,6,0
8770262,368,20,5447368,0,6,0
13685000,1077,18,7700000,1,4,0
10659350,1547,26,6200000,1,4,0
8855000,283,11,10000000,1,5,0
11954250,708,17,9000000,1,5,0
6641250,1701,17,5000000,1,4,0
66240000,2395,32,30000000,1,5,0
8050000,330,13,7692308,1,3,0
8776350,1303,24,6500000,1,5,0
8271375,2097,23,4500000,1,3,0
7039725,452,17,5300000,1,5,0
7534800,348,16,5850000,1,6,0
9056250,366,18,6250000,0,5,0
3558100,129,13,3400000,1,3,0
4105500,185,12,4250000,0,3,0
7806488,7146,15,7500000,1,3,0
15198400,4469,16,11800000,0,5,0
5747700,304,14,5000000,1,4,0
13158653,942,17,9615384,1,7,0
1897500,50,8,2500000,0,2,0
1312296,1128,9,1811313,1,7,0
23183997,940,18,16000000,1,4,0
6315628,2317,17,4615000,1,4,0
9607675,1390,16,7700000,1,3,0
5573820,552,20,3462000,1,5,0
4830000,310,12,5000000,1,3,0
13685000,740,17,10000000,0,6,0
12751201,328,27,5866667,1,4,0
26371800,608,18,18200000,0,8,0
14168000,648,16,11000000,0,5,0
7084000,461,16,5500000,1,6,0
49627977,10271,29,23809524,1,7,0
2130030,199,9,3300000,1,3,0
4427500,251,11,5000000,1,5,0
173250,44,3,525000,0,1,0
6886644,322,10,8800000,1,4,0
5644800,414,15,6000000,1,4,0
5538400,371,16,4300000,1,4,0
14975897,789,18,16077185,1,4,0
10759956,1020,18,8539648,1,5,0
4076520,282,15,4000000,1,3,0
5635000,478,14,5000000,1,3,0
1260000,146,4,4500000,0,1,0
6580000,341,20,4687500,0,6,0
10674300,985,13,10200000,1,5,0
4830000,3338,12,5000000,1,3,0
5071500,66,21,3000000,0,4,0
7504000,433,16,6700000,1,5,0
12558000,630,12,13000000,0,4,0
43953000,4488,28,22750000,1,9,0
5922000,11,18,4200000,1,3,0
19851300,19368,18,13700000,1,4,0
35937500,2285,25,20000000,1,5,0
13953333,715,22,7878788,1,10,0
14651000,1081,13,14000000,1,5,0
2415000,89,10,3000000,1,3,0
6781934,5349,14,6060980,1,4,0
9109601,569,18,6286819,1,4,0
39454,1568,18,4175000,1,2,0
15561000,1427,14,18000000,1,3,0
3864000,1921,12,4000000,1,3,0
60530250,10879,29,33000000,1,12,0
7647500,316,19,5000000,0,6,0
3220000,1498,8,5000000,1,4,0
9660000,395,16,7500000,1,5,0
12687766,301,13,12124000,1,5,0
4830000,1938,15,4000000,1,4,0
14136331,2531,15,12110800,1,4,0
2898000,287,9,4000000,0,3,0
4508000,319,14,4000000,1,3,0
28400400,4305,45,7840000,1,5,0
8452500,434,21,5000000,1,3,0
18474750,1607,17,13500000,1,7,0
3477600,712,12,3600000,1,3,0
8128512,889,18,7200000,1,5,0
7084000,4101,16,5500000,1,3,0
14875000,6300,20,9500000,1,4,0
8050000,3344,20,5000000,1,3,0
4242350,1391,17,3100000,1,3,0
14800500,968,22,9000000,1,4,0
5071500,2676,18,3500000,1,2,0
7093821,466,19,4675000,1,3,0
6440000,240,20,4000000,1,3,0
5232500,138,13,5000000,0,3,0
14007000,9517,24,7250000,1,3,0
16329470,23726,13,15847700,1,4,0
9617790,1891,26,5250000,1,3,0
6469785,321,15,6000000,1,3,0
9660000,900,24,5000000,1,11,0
7658496,20734,30,4000000,1,4,0
8701983,87,27,4040402,1,3,0
5433750,1846,18,3750000,1,3,0
5761224,474,14,6000000,1,4,0
10939250,2597,19,8150000,1,5,0
7571025,11911,30,4400000,1,4,0
16380000,2378,26,9000000,1,4,0
