ProfDU,BudgetDUM,OWkedDum,user_rating,movie_length,Director Value,specialeffects,Producer Power,Star Power,Profitable,Performance,grossboxoffice,BudgetDU,estmated_budget,opening_weekend
1,1,1,3.6,93,2,2,2,2,YES,Mid,1433049,low,10000000,1771
0,1,1,6.2,85,1,2,1,1,NO,loss,83500,low,80000,3284
1,1,1,7,92,2,3,2,2,YES,Low,124720,low,5000000,4584
1,1,1,5.5,92,2,3,2,2,YES,Low,54020,low,450000,6722
1,1,1,6,103,3,3,2,1,YES,High,75078,low,14000000,9128
1,2,1,7.1,92,2,3,2,3,YES,High,2975649,Mid,30000000,13205
1,1,1,6,102,2,3,2,2,YES,Low,128092,low,3750000,13744
1,1,1,6.7,124,3,3,2,1,YES,Low,267880,low,5000000,13856
1,1,1,6.8,85,2,2,1,2,YES,Low,50080,low,2000000,13880
0,1,1,5.9,80,2,3,2,1,NO,loss,70071,low,7000,16124
1,1,1,6.5,86,3,3,2,1,YES,Low,173066,low,1500000,16432
1,1,1,6,104,3,3,2,2,YES,Mid,114669,low,5400000,16454
1,1,1,6.1,112,2,2,2,1,YES,Mid,165831,low,9500000,16769
0,1,1,7.1,80,2,3,2,1,NO,loss,856942,low,200000,18218
1,1,1,5.9,108,2,3,2,2,YES,Mid,453079,low,7000000,18861
1,1,1,7,95,2,2,2,1,YES,Mid,884503,low,10000000,19487
0,1,1,7.1,91,2,3,2,3,NO,loss,5580479,low,5500000,23144
1,1,1,5.6,106,2,3,2,2,YES,High,204331,low,12000000,25261
0,1,1,6.4,85,3,3,2,1,NO,loss,192467,low,15000,26029
1,1,1,7.3,102,2,3,2,1,YES,Low,406035,low,1500000,26236
1,1,1,6.5,96,2,2,2,1,YES,Low,381186,low,900000,27546
1,1,1,7.8,88,3,3,2,2,YES,Low,871577,low,4500000,27674
1,1,1,6.4,98,2,3,2,3,YES,Low,101228,low,3500000,28091
1,2,1,6.1,122,2,2,2,3,YES,High,2281089,Mid,16800000,28815
1,1,1,5,98,2,2,2,1,YES,Low,206624,low,4750000,29157
1,1,1,5.6,122,2,3,2,1,YES,Mid,52526,low,8000000,29483
1,1,1,6.9,114,2,2,2,1,YES,Low,176300,low,3000000,32407
1,1,1,5.9,80,1,2,2,2,YES,Low,53760,low,2000000,32764
1,1,1,5.8,98,1,2,1,1,YES,Low,295468,low,500000,33088
0,1,1,7.1,88,2,2,2,2,NO,loss,2073984,low,800000,33166
1,1,1,7.1,97,1,3,1,1,YES,Low,187474,low,1000000,33236
1,1,1,6.5,99,1,2,1,1,YES,Mid,364636,low,6000000,33616
1,1,1,6.3,104,2,2,1,1,YES,Low,220234,low,3500000,36938
0,1,1,7.2,110,2,3,2,1,NO,loss,1706325,low,1000000,41860
0,1,1,7,109,2,3,2,1,NO,loss,3050934,low,1800000,41967
0,1,1,7.1,122,2,2,2,2,NO,loss,8596914,low,6000000,44244
1,1,1,6.6,120,2,2,2,1,YES,Low,87939,low,1800000,44370
1,1,1,5.7,107,2,3,2,3,YES,Mid,580862,low,10000000,45714
1,1,1,7.1,108,1,1,1,1,YES,Low,548712,low,2500000,46791
1,1,1,6.6,101,2,3,2,2,YES,Low,342297,low,4000000,53944
0,2,1,7.5,147,2,3,2,3,NO,loss,132180323,Mid,60800000,55527
1,1,1,6.3,113,2,3,2,2,YES,Low,4760014,low,7000000,55765
0,1,1,6,86,2,2,2,1,NO,loss,1114943,low,500000,55946
1,1,1,6.2,103,1,2,1,1,YES,Low,814666,low,950000,56900
0,1,1,6.9,95,3,3,2,3,NO,loss,34099640,low,7000000,56941
1,1,1,6.6,104,2,3,2,1,YES,Low,305688,low,2500000,58570
1,2,1,7.3,134,3,2,2,3,YES,High,1731665,Mid,30000000,61070
1,1,1,6,112,2,3,2,1,YES,Low,1568749,low,2000000,62253
1,1,1,6.9,99,3,3,2,2,YES,Low,2344847,low,7000000,63361
1,1,1,6.8,104,2,3,2,2,YES,High,352786,low,11000000,70460
1,1,1,6.7,73,3,3,3,1,YES,Low,145382,low,1600000,70664
0,2,1,7.5,125,2,3,2,3,NO,loss,26522838,Mid,19400000,71814
0,1,1,6,100,2,2,2,2,NO,loss,3735303,low,3500000,72594
1,1,1,6.2,86,2,2,2,2,YES,High,333976,low,12000000,75180
1,2,1,5.6,105,2,3,2,3,YES,High,1796024,Mid,22000000,75766
0,1,1,6.6,86,4,5,4,3,NO,loss,107917283,low,15000,77873
1,1,1,7,100,2,3,2,2,YES,Low,352810,low,2500000,77960
0,1,1,6.2,78,2,2,2,2,NO,loss,2882062,low,150000,80682
0,1,1,4.6,103,1,4,1,1,NO,loss,881950,low,800000,85610
0,1,1,7.4,109,2,3,2,3,NO,loss,60378584,low,8000000,86831
0,1,1,6.8,91,2,2,2,2,NO,loss,4186931,low,250000,91910
0,1,1,7.2,108,2,1,2,2,NO,loss,19067631,low,2000000,92034
1,1,1,6.5,90,2,3,2,3,YES,High,4360548,low,15000000,94936
1,2,1,7.1,104,2,3,2,3,YES,High,7739049,Mid,18000000,101126
1,1,1,6.3,101,2,3,2,2,YES,Low,2037545,low,3000000,101295
0,1,1,6.3,105,2,3,2,1,NO,loss,3123749,low,1500000,102386
1,1,1,6.8,112,2,3,2,2,YES,Mid,3577210,low,13000000,104168
1,1,1,8.2,113,2,4,1,1,YES,Low,727883,low,4500000,110494
0,1,1,7,100,3,3,3,3,NO,loss,4599680,low,1500000,116260
1,1,1,5.5,104,2,3,3,2,YES,Mid,4432349,low,14000000,120544
1,1,1,5.2,96,2,3,1,3,YES,Low,766487,low,5250000,121374
1,1,1,6.6,105,1,1,1,1,YES,Low,2062066,low,7000000,123761
1,1,1,7,101,2,3,2,1,YES,Low,864959,low,4000000,126449
1,1,1,5.9,87,3,2,2,1,YES,Mid,1284646,low,10000000,127141
0,1,1,7,101,2,3,2,2,NO,loss,8243880,low,3200000,128973
1,2,1,7.2,98,3,2,2,1,YES,Mid,9451946,Mid,17000000,130411
0,1,1,6.7,101,2,3,2,2,NO,loss,8821782,low,3000000,141852
1,1,1,3.7,91,2,2,1,1,YES,Low,464991,low,1000000,144376
0,1,1,6.2,103,1,4,2,1,NO,loss,249905,low,50000,144836
0,1,1,6.7,93,1,2,2,3,NO,loss,14015786,low,5000000,151642
0,2,1,7.7,127,3,4,2,4,NO,loss,179213434,Mid,52500000,167540
1,2,1,7.3,124,3,3,3,3,YES,High,3081925,Mid,21000000,172194
0,1,1,6.5,91,3,2,2,3,NO,loss,7455447,low,7000000,181716
0,1,1,7.1,104,2,2,2,2,NO,loss,9304609,low,4000000,182306
0,2,1,7.8,147,3,3,2,3,NO,loss,207515725,Mid,48000000,184725
0,2,1,7.5,119,3,3,2,4,NO,loss,75225693,Mid,35000000,189911
1,1,1,6.3,135,2,3,1,1,YES,Mid,2185266,low,10000000,190720
1,1,1,6.6,144,2,4,2,2,YES,Mid,2483955,low,9600000,191560
1,1,1,6.5,96,1,3,1,1,YES,Low,405182,low,2500000,191747
1,1,1,3.2,93,2,3,2,1,YES,Low,1246237,low,4500000,202540
0,1,1,7,91,2,2,2,3,NO,loss,16174377,low,8000000,219190
1,1,1,5.6,117,2,3,1,1,YES,Low,379643,low,2200000,246483
1,1,1,7.3,124,3,3,2,3,YES,Mid,7060876,low,13500000,249383
1,1,1,7.8,94,2,2,2,2,YES,Low,9030581,low,12500000,253085
0,1,1,7.8,92,3,2,2,3,NO,loss,24792061,low,6500000,262923
0,2,1,8,107,3,3,2,3,NO,loss,18329466,Mid,18000000,264851
1,2,1,7.9,87,3,4,2,3,YES,High,20999103,Mid,40000000,265900
1,1,1,7.2,92,3,2,2,2,YES,Mid,5305622,low,15000000,266162
0,2,1,7.7,144,4,4,4,3,NO,loss,108638745,Mid,92000000,274347
1,2,1,7.9,124,3,2,3,3,YES,Low,16248701,Mid,20000000,274454
1,1,1,5.9,86,2,3,2,1,YES,Low,475000,low,2800000,275606
0,1,1,6.7,99,2,3,2,2,NO,loss,56059000,low,4000000,301856
1,2,1,5,90,1,3,1,2,YES,High,623374,Mid,38000000,319516
1,1,1,4.8,88,1,2,2,1,YES,Low,574940,low,2500000,329836
1,1,1,6.1,128,3,3,2,1,YES,Low,1017376,low,5000000,337484
0,1,1,6.8,97,1,3,1,1,NO,loss,7022940,low,1000000,346999
1,2,1,7.4,95,3,3,3,3,YES,Low,24665649,Mid,25000000,367203
1,1,1,7.1,100,3,4,3,3,YES,Low,7659918,low,8500000,391672
1,1,1,5.4,98,2,3,2,1,YES,Mid,887416,low,10000000,429223
1,1,1,7.1,110,2,3,2,3,YES,High,1150403,low,13000000,452966
1,1,1,8.1,107,2,3,2,3,YES,Mid,7757130,low,15000000,457227
1,1,1,6.3,111,2,2,2,3,YES,High,1294640,low,15000000,510958
1,1,1,5.5,100,2,2,2,1,YES,Low,2025032,low,6500000,524698
1,1,1,7,125,3,2,2,1,YES,High,1875009,low,13000000,608804
1,1,1,3.7,97,2,3,2,1,YES,Mid,1046166,low,9000000,676048
0,1,1,4.8,101,3,3,2,3,NO,loss,2506446,low,2000000,739834
1,2,1,2.6,84,1,3,1,1,YES,High,1646664,Mid,20000000,872950
1,1,1,3.7,84,2,4,3,1,YES,High,3100650,low,14000000,1140698
0,2,1,8.3,122,4,3,3,4,NO,loss,74273505,Mid,25000000,1226333
1,1,1,4.7,112,2,3,2,2,YES,Mid,3060963,low,9000000,1409433
0,1,1,8.4,108,3,4,3,4,NO,loss,106882290,low,13000000,1443809
0,1,1,4.5,81,2,3,2,2,NO,loss,3293258,low,3000000,1506233
1,2,1,6.4,102,2,3,2,2,YES,High,10103647,Mid,25000000,1575214
1,1,1,5.9,118,2,3,2,1,YES,Mid,3542843,low,10000000,1611833
0,2,1,6.1,109,2,3,2,3,NO,loss,28008462,Mid,18000000,1837068
1,1,1,7.2,101,2,3,2,2,YES,Low,6350058,low,8000000,2013406
1,2,1,7.2,99,3,2,4,3,YES,High,4646830,Mid,16000000,2017795
1,2,1,6.4,112,2,2,2,2,YES,High,4839383,Mid,16000000,2017981
0,2,1,7.2,113,3,4,2,3,NO,loss,306776732,Mid,45000000,2074929
1,2,1,6.5,111,2,3,3,2,YES,High,5205343,Mid,20000000,2250000
1,2,1,6.9,119,3,2,3,3,YES,High,3744790,Mid,20000000,2251075
1,1,1,3.6,85,2,2,3,2,YES,Mid,4356743,low,10000000,2307063
0,2,1,6.6,112,3,4,2,3,NO,loss,104636188,Mid,45000000,2385644
1,2,1,5.2,114,2,3,2,2,YES,High,6543194,Mid,34000000,2411445
0,2,1,8,135,3,3,4,4,NO,loss,170708996,Mid,60000000,2501096
1,2,1,6.1,89,2,3,3,2,YES,High,5658940,Mid,18000000,2513530
0,1,1,6.7,110,2,3,2,1,NO,loss,11805917,low,4000000,2532410
1,2,1,6.2,118,3,3,2,3,YES,Low,47095453,Mid,48000000,2562448
1,1,1,4.9,86,2,3,2,1,YES,Mid,4814244,low,11000000,2785283
1,2,1,4,96,2,4,2,2,YES,Mid,7307756,Mid,16000000,2823548
1,2,1,4.7,95,2,2,3,1,YES,High,5516708,Mid,25000000,2861903
1,2,1,3.8,127,2,4,2,2,YES,High,4535117,Mid,60000000,2984524
0,1,1,6.8,86,2,4,2,2,NO,loss,5518918,low,750000,3005175
1,2,1,5.5,105,3,3,2,2,YES,High,6291602,Mid,50000000,3008746
0,1,1,5.1,90,1,3,1,2,NO,loss,8704851,low,5000000,3020159
1,2,1,4.4,104,3,3,3,3,YES,High,10364769,Mid,90000000,3029858
0,1,1,6.8,96,2,2,2,2,NO,loss,10515579,low,4000000,3046924
0,1,1,2.4,99,2,2,2,2,NO,loss,7059537,low,3000000,3109924
1,2,1,4.8,88,2,3,2,2,YES,High,6471394,Mid,50000000,3336374
1,2,1,6.8,132,3,3,2,1,YES,High,10166502,Mid,70000000,3376009
1,1,1,6.7,109,2,1,2,2,YES,Low,8195551,low,12000000,3445559
0,1,1,5.6,89,2,4,2,2,NO,loss,16829545,low,7000000,3460666
0,1,1,6.8,96,3,2,2,3,NO,loss,3509048,low,25000,3509048
0,1,1,3.3,82,2,2,2,1,NO,loss,9821335,low,6000000,3684704
1,2,1,6.2,92,3,3,2,3,YES,Mid,8819059,Mid,16000000,3740799
0,2,1,7.3,96,3,2,3,3,NO,loss,23213577,Mid,15500000,3755575
1,2,1,5.7,111,3,3,3,3,YES,High,14241034,Mid,40000000,3904047
1,1,1,5.2,103,2,3,2,2,YES,Low,10411980,low,15000000,4022693
1,2,1,6.5,102,3,2,2,3,YES,Mid,11169531,Mid,20000000,4050655
0,1,1,5.6,87,2,3,2,2,NO,loss,11560259,low,10000000,4134977
0,1,1,7.3,100,2,3,2,2,NO,loss,13103828,low,11000000,4208655
1,2,1,6.9,102,4,3,3,3,YES,Low,19039770,Mid,22000000,4248465
1,2,1,6.1,103,2,4,3,2,YES,High,7948159,Mid,35000000,4271451
0,1,1,1.8,95,2,2,3,2,NO,loss,7009668,low,5600000,4402123
1,2,1,4.9,102,2,4,2,2,YES,High,7659747,Mid,38000000,4438899
1,1,1,6.4,104,2,3,2,3,YES,Low,10996440,low,13000000,4454319
1,2,1,3.6,83,2,3,2,2,YES,High,11631245,Mid,35000000,4510408
0,1,1,5.9,89,1,3,3,1,NO,loss,16515735,low,11000000,4531665
1,2,1,6.5,112,2,3,2,3,YES,High,10911750,Mid,25000000,4555117
1,2,1,5.1,98,1,3,1,2,YES,Mid,14252830,Mid,22000000,4562455
0,1,1,6.9,105,3,2,3,3,NO,loss,20342852,low,10000000,4566293
1,2,1,6.7,115,3,4,2,2,YES,Mid,11596143,Mid,20000000,4627989
0,1,1,6.7,97,2,2,2,2,NO,loss,11043445,low,10000000,4712341
1,2,1,3.8,96,2,5,2,2,YES,High,8742261,Mid,50000000,4721110
0,2,1,3.2,85,2,4,2,2,NO,loss,57497699,Mid,45000000,4756488
1,1,1,4.9,86,3,3,2,1,YES,Low,10397365,low,14000000,4804595
1,2,1,5.3,101,2,4,2,3,YES,High,12201122,Mid,35000000,4915104
1,2,1,5.2,102,3,2,2,2,YES,Low,14793904,Mid,18000000,4919433
1,2,1,6,105,3,4,2,2,YES,High,10955425,Mid,30000000,4926565
0,1,1,7.5,102,2,3,2,3,NO,loss,34266564,low,8000000,4961015
1,2,1,7,102,3,3,3,3,YES,Mid,13214030,Mid,20000000,5012315
1,2,1,5,101,2,4,2,2,YES,Low,11915856,Mid,16000000,5059802
0,1,1,3.7,82,2,4,2,2,NO,loss,13350177,low,5000000,5423315
0,1,1,4.8,84,2,3,2,1,NO,loss,13592872,low,11000000,5426390
0,1,1,7.2,88,2,3,2,3,NO,loss,18225165,low,9000000,5480378
1,2,1,6,109,2,3,2,2,YES,High,17833000,Mid,30000000,5486209
1,2,1,6.9,107,3,2,2,3,YES,High,11008432,Mid,25000000,5623373
1,1,1,5.8,121,2,3,2,2,YES,Low,12549485,low,15000000,5745780
1,2,1,7.5,107,3,3,2,3,YES,High,19389454,Mid,35000000,5808919
0,1,1,6.5,84,2,4,2,3,NO,loss,32685679,low,8600000,5856872
0,2,1,7.4,111,2,3,2,2,NO,loss,30028592,Mid,20000000,5935256
1,2,1,6.5,140,3,3,3,2,YES,High,13082288,Mid,60000000,6004219
0,2,1,4.8,85,2,4,2,2,NO,loss,60694737,Mid,35000000,6013847
1,2,1,5.8,111,2,3,2,1,YES,High,12189514,Mid,23000000,6081483
1,2,1,6.7,130,3,3,3,3,YES,High,15709385,Mid,30000000,6262396
1,2,1,6.1,109,3,4,2,3,YES,High,13698390,Mid,40000000,6293205
0,2,1,5.7,116,2,3,2,3,NO,loss,35402000,Mid,26000000,6402741
1,2,1,7.2,126,2,3,2,3,YES,High,18324242,Mid,35000000,6422455
0,2,1,5.5,98,2,3,2,2,NO,loss,22734486,Mid,17000000,6660540
1,2,1,6.5,93,2,3,2,2,YES,Mid,17718223,Mid,25000000,6711384
1,2,1,4.7,102,2,2,2,3,YES,High,14379751,Mid,25000000,6800617
0,2,1,1.7,87,2,4,2,2,NO,loss,34816824,Mid,25000000,6945535
1,2,1,5,87,1,3,2,2,YES,High,15589458,Mid,30000000,7009513
1,2,1,3.5,91,2,4,2,2,YES,High,14294842,Mid,70000000,7010474
0,1,1,6.9,107,3,3,3,2,NO,loss,19390029,low,7000000,7067335
1,2,2,3.2,101,2,4,1,1,YES,High,13208023,Mid,42000000,7087457
1,2,2,7.3,130,1,2,1,3,YES,High,19593740,Mid,50000000,7117225
1,2,2,6.1,96,3,5,3,3,YES,High,55286454,Mid,70000000,7133049
1,2,2,5.6,125,2,3,2,4,YES,High,15738632,Mid,42000000,7160521
1,2,2,3.6,107,2,4,2,2,YES,Low,33807409,Mid,35000000,7237422
0,2,2,6.6,97,3,3,3,2,NO,loss,37000000,Mid,23000000,7347259
1,2,2,6.8,152,3,4,2,3,YES,High,37317558,Mid,72000000,7366207
1,2,2,5.7,90,3,3,4,3,YES,Low,19351569,Mid,22000000,7411852
1,3,2,5.3,121,4,2,2,3,YES,High,30212620,High,120000000,7484696
0,1,2,5.2,94,2,2,2,2,NO,loss,23247539,low,7000000,7562284
1,2,2,5.8,115,2,4,2,3,YES,Low,15045676,Mid,16000000,7571417
0,1,2,4.5,91,1,2,1,2,NO,loss,20035310,low,9000000,7602507
0,1,2,5.6,90,2,3,3,2,NO,loss,22235901,low,6000000,7720942
0,2,2,6.7,115,3,3,2,2,NO,loss,32662299,Mid,24000000,7820836
0,2,2,6.6,101,3,3,3,2,NO,loss,46432264,Mid,30000000,7849304
0,2,2,4.6,97,2,4,2,2,NO,loss,31355910,Mid,28000000,7954766
0,1,2,6,90,2,4,3,2,NO,loss,17427926,low,8000000,8003241
0,1,2,6.8,124,2,2,3,2,NO,loss,27441122,low,15000000,8139180
0,2,2,8.5,108,3,3,2,3,NO,loss,34126138,Mid,20000000,8175198
0,2,2,5.8,101,2,2,2,2,NO,loss,41622502,Mid,20000000,8265357
1,2,2,6.2,102,2,2,2,2,YES,Mid,25266129,Mid,35000000,8319171
1,2,2,5.3,116,3,4,3,2,YES,High,43935763,Mid,80000000,8440629
0,1,2,3.8,97,2,4,2,2,NO,loss,38574362,low,15000000,8505513
0,2,2,6.1,130,2,3,2,2,NO,loss,28734552,Mid,16000000,8606403
1,2,2,7.4,134,3,3,3,3,YES,High,37479778,Mid,60000000,8611147
1,3,2,8,143,3,3,2,4,YES,High,57312489,High,100000000,8648324
1,2,2,5.2,104,2,4,3,3,YES,High,23020488,Mid,52000000,8653542
0,1,2,5.1,87,2,4,2,2,NO,loss,24741977,low,12000000,8774520
1,2,2,4.9,97,3,3,2,3,YES,High,25195050,Mid,50000000,8904299
1,2,2,2.8,98,3,3,2,2,YES,High,25852764,Mid,70000000,9013548
1,2,2,6.8,101,2,3,4,3,YES,Mid,24185781,Mid,31000000,9021494
0,2,2,7.3,118,2,4,2,3,NO,loss,68106245,Mid,22000000,9025584
1,2,2,5.2,97,2,3,2,3,YES,Low,28927720,Mid,33000000,9062295
0,2,2,4.7,88,2,4,2,2,NO,loss,25077977,Mid,20000000,9106906
0,2,2,6.6,92,3,4,3,3,NO,loss,25296447,Mid,21000000,9107816
0,2,2,6,100,2,3,1,2,NO,loss,25893485,Mid,19000000,9202815
1,2,2,5.9,120,2,3,3,3,YES,High,31874869,Mid,50000000,9307394
0,1,2,4.2,89,2,3,2,3,NO,loss,33051296,low,15000000,9350572
0,2,2,7.5,123,3,3,3,3,NO,loss,43090741,Mid,21000000,9405582
1,2,2,5.9,118,3,2,2,3,YES,High,33828318,Mid,55000000,9411055
0,2,2,6,77,1,4,1,2,NO,loss,45542421,Mid,20000000,9427532
0,3,2,7.4,167,4,4,2,4,NO,loss,190000000,Mid,97000000,9496870
1,2,2,4.4,75,3,4,2,2,YES,Mid,25871834,Mid,35000000,9510297
0,2,2,4.3,83,2,3,2,3,NO,loss,22264487,Mid,22000000,9626287
1,2,2,6.9,123,2,3,3,3,YES,Mid,33508922,Mid,40000000,9631359
1,2,2,4.8,97,2,4,2,2,YES,High,19297522,Mid,35000000,9633085
1,2,2,6.7,117,3,2,3,3,YES,High,31670931,Mid,60000000,9716458
0,2,2,6.8,119,3,3,3,3,NO,loss,39008741,Mid,25000000,9833340
0,2,2,7.1,114,2,2,3,3,NO,loss,23530831,Mid,22000000,10006327
0,2,2,4.6,107,2,3,3,2,NO,loss,22452209,Mid,18000000,10011682
0,2,2,4.3,96,2,3,4,2,NO,loss,36684100,Mid,29000000,10024648
0,2,2,5.6,99,2,4,4,3,NO,loss,62771059,Mid,40000000,10025203
0,2,2,6.5,94,2,3,2,3,NO,loss,56422687,Mid,25000000,10100571
0,2,2,6,88,3,5,3,3,NO,loss,25003155,Mid,24000000,10106872
1,2,2,6.2,135,3,3,3,3,YES,High,32598931,Mid,65000000,10207869
1,2,2,6.6,113,2,3,2,3,YES,High,34636443,Mid,52000000,10214734
1,2,2,5.8,104,3,3,3,3,YES,High,30063805,Mid,60000000,10216025
0,2,2,6.6,129,3,1,3,3,NO,loss,29434429,Mid,25100000,10505668
1,2,2,3.4,90,2,5,3,2,YES,High,35231365,Mid,58000000,10518435
1,2,2,6.4,123,3,3,3,3,YES,High,26838389,Mid,57000000,10618711
0,1,2,4.6,85,2,3,3,2,NO,loss,23086480,low,9000000,10726406
0,2,2,6.4,105,3,2,2,3,NO,loss,33687630,Mid,20000000,10730372
1,2,2,6.4,137,3,3,2,3,YES,High,27011180,Mid,60000000,10833633
1,2,2,5.4,116,3,3,2,3,YES,Low,65977295,Mid,70000000,11007367
0,2,2,6.8,122,3,4,2,3,NO,loss,38700761,Mid,35000000,11014818
1,2,2,6.1,119,3,3,2,3,YES,High,25178165,Mid,40000000,11015226
0,2,2,6.2,97,3,3,2,3,NO,loss,61347797,Mid,58000000,11100392
0,1,2,4.7,85,2,2,2,2,NO,loss,28563926,low,8500000,11326601
0,2,2,5.6,106,2,3,2,3,NO,loss,36779296,Mid,35000000,11423716
0,2,2,5.7,105,2,3,2,2,NO,loss,35990505,Mid,20000000,11434964
0,2,2,5.9,103,3,3,4,4,NO,loss,65470529,Mid,45000000,11458465
0,2,2,6.3,104,2,3,2,3,NO,loss,43052274,Mid,28000000,11704357
0,1,2,5.2,123,2,3,2,2,NO,loss,30238577,low,15000000,11758372
0,2,2,6,106,2,3,2,3,NO,loss,170128460,Mid,50000000,11783467
1,2,2,4.1,117,3,3,2,2,YES,Mid,30981850,Mid,40000000,12020807
0,1,2,4.6,86,2,4,2,2,NO,loss,47488536,low,11000000,12024917
0,2,2,4.1,97,3,4,3,3,NO,loss,36609966,Mid,25000000,12029832
0,2,2,5.3,135,2,4,3,3,NO,loss,74208267,Mid,60000000,12053131
0,2,2,7.3,98,3,4,2,3,NO,loss,50222058,Mid,30000000,12120358
0,2,2,6.5,108,2,4,2,3,NO,loss,57479076,Mid,22000000,12211986
0,2,2,5.4,96,1,5,3,3,NO,loss,40500000,Mid,17000000,12229529
0,1,2,5.9,98,2,4,3,2,NO,loss,25464480,low,10000000,12231160
1,2,2,6.1,91,2,4,2,3,YES,High,42086887,Mid,70000000,12286129
0,1,2,3.9,94,2,3,2,2,NO,loss,37664855,low,15000000,12292121
0,2,2,7.2,91,2,3,2,3,NO,loss,60057639,Mid,18000000,12292952
0,2,2,6.2,104,3,3,2,3,NO,loss,76747441,Mid,35000000,12634563
1,2,2,5.4,93,2,4,2,3,YES,High,25857987,Mid,62000000,12661112
0,2,2,7.1,123,3,3,2,3,NO,loss,59699513,Mid,35000000,12694770
0,2,2,4.7,101,3,4,2,3,NO,loss,66002004,Mid,50000000,12709221
1,2,2,4.1,101,3,4,3,3,YES,High,25607347,Mid,87000000,12712272
0,2,2,4.3,97,2,4,2,2,NO,loss,70992898,Mid,25000000,12812287
1,3,2,6.5,89,2,4,2,2,YES,High,50802661,Mid,95000000,12846652
0,2,2,5.8,123,2,4,2,3,NO,loss,96085477,Mid,82000000,13020883
0,2,2,6.2,89,2,4,2,3,NO,loss,39687528,Mid,24000000,13180769
0,1,2,6.1,106,2,2,3,3,NO,loss,32645546,low,14000000,13218723
0,2,2,6.7,90,2,3,3,3,NO,loss,50255310,Mid,28000000,13309241
0,2,2,8,123,3,3,3,3,NO,loss,81001787,Mid,30000000,13464745
1,2,2,6.8,122,3,3,2,3,YES,Low,69766619,Mid,70000000,13471488
1,2,2,5.8,94,3,4,3,2,YES,High,34238611,Mid,55000000,13482638
0,2,2,4.8,103,4,3,3,3,NO,loss,60400856,Mid,35000000,13510293
0,2,2,5.7,95,2,3,3,2,NO,loss,58156435,Mid,19000000,13528946
0,2,2,6.3,124,2,3,3,3,NO,loss,33682273,Mid,15500000,13834527
1,2,3,6.1,115,2,3,2,3,YES,Low,41543207,Mid,42000000,14005550
0,2,3,4.8,101,2,4,3,3,NO,loss,60020099,Mid,48000000,14010409
0,2,3,4.7,115,2,3,4,4,NO,loss,101393569,Mid,45000000,14043215
0,2,3,6.6,124,2,3,3,3,NO,loss,122000000,Mid,50000000,14065277
0,1,3,6.1,90,2,5,3,2,NO,loss,27445118,low,11000000,14118444
0,2,3,5.5,104,2,3,2,2,NO,loss,51599647,Mid,30000000,14169455
0,1,3,6.1,89,2,4,2,2,NO,loss,31691811,low,12000000,14211321
0,1,3,4.5,89,2,3,2,2,NO,loss,60008303,low,13000000,14331819
0,2,3,8.4,130,4,4,2,4,NO,loss,53082743,Mid,40000000,14801808
0,2,3,7.6,123,3,3,2,5,NO,loss,168167691,Mid,55000000,14851136
0,2,3,5.3,136,3,4,4,3,NO,loss,75715436,Mid,68000000,15027423
1,2,3,5.2,108,3,4,2,3,YES,High,65900000,Mid,85000000,15058432
0,2,3,5.9,118,3,4,2,3,NO,loss,105316267,Mid,88000000,15092079
0,2,3,6,105,2,5,2,3,NO,loss,62022014,Mid,33000000,15206301
1,2,3,5.1,100,2,4,4,3,YES,High,28031250,Mid,60000000,15488870
1,2,3,4.9,100,3,2,2,2,YES,High,47000485,Mid,75000000,15837266
0,2,3,7.3,102,3,3,3,4,NO,loss,109155885,Mid,75000000,15952430
0,2,3,5.4,110,2,4,2,3,NO,loss,119498909,Mid,25000000,16026496
1,2,3,5.7,113,3,4,3,3,YES,High,52397389,Mid,65000000,16061271
0,1,3,2.7,95,2,3,2,2,NO,loss,40066497,low,8000000,16123105
0,2,3,4.6,114,3,2,3,3,NO,loss,43650785,Mid,35000000,16207730
0,2,3,7,117,3,3,2,3,NO,loss,67325559,Mid,30000000,16300155
0,2,3,6.5,105,3,2,2,3,NO,loss,35596227,Mid,20000000,16662333
0,2,3,5.1,88,3,3,3,3,NO,loss,49474048,Mid,35000000,16894511
0,2,3,4.9,100,3,4,2,3,NO,loss,73023275,Mid,35000000,17012212
0,1,3,2.9,93,2,3,2,2,NO,loss,37188667,low,12000000,17014226
0,2,3,6.5,98,2,3,3,2,NO,loss,66790248,Mid,45000000,17128062
0,2,3,6.7,117,3,2,2,2,NO,loss,81124129,Mid,60000000,17214384
0,2,3,7.3,120,3,3,2,3,NO,loss,50315140,Mid,48000000,17215275
0,2,3,4.7,94,2,3,2,3,NO,loss,42672630,Mid,17000000,17338755
0,2,3,7,91,3,3,2,3,NO,loss,86941509,Mid,24000000,17453216
0,2,3,5,100,2,4,2,2,NO,loss,40168080,Mid,26000000,17501625
0,2,3,7.4,111,2,3,4,3,NO,loss,62877175,Mid,30000000,17725330
0,2,3,5.9,115,2,4,2,3,NO,loss,55973336,Mid,25000000,18014503
1,2,3,6.3,99,4,3,4,3,YES,High,69772969,Mid,80000000,18145632
0,2,3,7.3,92,3,4,3,4,NO,loss,113244290,Mid,50000000,18203876
0,2,3,5.3,104,2,4,2,2,NO,loss,63102666,Mid,17000000,18365222
0,2,3,5.8,91,3,4,2,2,NO,loss,51685963,Mid,16000000,18508228
1,3,3,6.2,135,4,5,3,3,YES,High,93945766,High,120000000,18561337
0,2,3,6.1,106,2,4,2,3,NO,loss,59068786,Mid,40000000,18736133
1,3,3,6.6,136,3,3,2,3,YES,High,67286731,High,100000000,18829435
1,2,3,6.3,133,3,3,2,3,YES,High,52474616,Mid,70000000,19011188
0,2,3,3.9,89,2,4,2,2,NO,loss,67192859,Mid,20000000,19020655
1,2,3,5.6,87,3,4,2,3,YES,Mid,43905746,Mid,49000000,19112404
0,2,3,7.1,99,2,2,2,3,NO,loss,91826289,Mid,28000000,19167085
0,2,3,5.9,93,2,4,2,2,NO,loss,54098051,Mid,34000000,19173094
0,2,3,5.7,98,2,4,2,3,NO,loss,141591324,Mid,40000000,19288438
0,3,3,7.1,144,4,4,2,3,NO,loss,152000000,High,130000000,19635996
0,2,3,4.5,88,3,4,4,2,NO,loss,42638165,Mid,16000000,19810585
1,2,3,6.7,129,3,3,3,4,YES,High,65948711,Mid,80000000,20018620
0,2,3,4.8,102,4,4,3,4,NO,loss,131426169,Mid,85000000,20131130
0,2,3,5.3,95,2,2,4,3,NO,loss,52580895,Mid,45000000,20159925
0,2,3,5.2,93,4,4,3,3,NO,loss,126121167,Mid,80000000,20220412
0,1,3,5.7,87,2,4,2,2,NO,loss,40990055,low,2000000,20366613
0,2,3,6.2,96,3,3,2,3,NO,loss,95001351,Mid,18000000,20377426
0,2,3,6.3,122,3,2,2,2,NO,loss,36842118,Mid,20000000,20497596
0,2,3,5.8,107,2,3,2,2,NO,loss,57744720,Mid,20000000,20512304
0,2,3,7,126,4,4,4,4,NO,loss,180557550,Mid,75000000,20574802
0,1,3,6.2,102,3,2,2,3,NO,loss,75074950,low,12000000,20627433
0,2,3,6.4,92,2,5,2,2,NO,loss,45802315,Mid,35000000,20828511
0,2,3,7.4,140,3,3,4,3,NO,loss,148336445,Mid,87000000,20854735
0,2,3,5.8,93,2,4,3,3,NO,loss,101702060,Mid,45000000,21018141
0,2,3,5.7,91,2,3,3,3,NO,loss,117575636,Mid,42000000,21022111
0,2,3,6.8,109,3,3,4,3,NO,loss,74484168,Mid,45000000,21176925
0,2,3,5.1,93,3,3,2,3,NO,loss,102001626,Mid,90000000,21406781
0,1,3,4.8,87,3,4,2,2,NO,loss,66966987,low,15000000,21607203
0,2,3,3.6,98,3,4,3,3,NO,loss,101595121,Mid,64000000,21613176
0,2,3,6.9,126,3,4,3,3,NO,loss,143049560,Mid,92000000,21689125
0,2,3,6.8,121,3,4,2,3,NO,loss,95708457,Mid,22000000,21753759
0,2,3,5.2,117,3,4,2,4,NO,loss,156505388,Mid,90000000,21783641
0,2,3,5.6,101,2,3,2,3,NO,loss,122650962,Mid,30000000,21959233
0,2,3,8.2,111,4,4,3,3,NO,loss,178398138,Mid,55000000,22089322
0,2,3,6.4,97,4,4,3,3,NO,loss,160846332,Mid,26000000,22203007
0,2,3,8.1,120,4,2,2,3,NO,loss,96917897,Mid,40000000,22445653
0,2,3,5.7,96,3,4,3,3,NO,loss,123729176,Mid,80000000,22610437
1,3,3,6.9,98,4,4,2,4,YES,High,81557479,High,100000000,22688457
0,2,3,5.2,113,3,3,3,3,NO,loss,95149435,Mid,40000000,22956453
0,3,3,5,104,2,4,2,2,NO,loss,249430327,High,100000000,23239907
1,3,3,6.4,106,3,4,2,3,YES,High,65247655,High,100000000,23373102
0,2,3,6.2,102,3,4,3,3,NO,loss,55845943,Mid,29000000,23424118
0,2,3,4.9,99,2,4,2,2,NO,loss,81150692,Mid,35000000,23708174
0,2,3,6.1,116,3,3,2,3,NO,loss,177085826,Mid,50000000,23774850
1,3,3,6.5,113,3,5,2,2,YES,High,104383624,High,155000000,24005069
0,3,3,7.8,154,3,3,4,4,NO,loss,456758981,High,140000000,24271354
1,2,3,4.8,99,3,4,2,3,YES,High,75817994,Mid,90000000,24278410
0,2,3,8,91,4,3,4,4,NO,loss,170938575,Mid,38000000,24850000
1,3,3,7.1,140,3,3,3,4,YES,Low,97030725,High,100000000,25271675
0,3,3,6,134,4,4,2,3,NO,loss,163777560,High,135000000,25723815
0,3,3,5.5,112,3,3,2,3,NO,loss,191200000,Mid,95000000,26414386
0,2,3,7.8,117,3,3,3,5,NO,loss,304850102,Mid,55000000,26541709
0,2,3,7.4,101,3,4,3,3,NO,loss,102356381,Mid,28000000,26722575
0,2,3,6.6,106,3,4,2,3,NO,loss,62318875,Mid,50000000,26857181
0,2,3,8.5,151,4,3,3,4,NO,loss,132373442,Mid,90000000,26887467
0,2,3,7.8,119,3,4,2,4,NO,loss,121468960,Mid,60000000,27118640
0,2,3,6.1,99,4,4,3,4,NO,loss,109993847,Mid,80000000,27450296
0,2,3,7.1,117,4,4,2,3,NO,loss,202548575,Mid,75000000,27476745
1,3,3,6.5,115,4,4,2,3,YES,High,82161969,High,150000000,27515871
0,1,3,5.9,112,2,3,2,3,NO,loss,91057006,low,13000000,27526443
0,2,3,5.6,98,4,3,2,3,NO,loss,190212113,Mid,40000000,27557647
0,2,3,6.4,96,3,2,2,3,NO,loss,88915214,Mid,38000000,27605576
0,2,3,5.4,92,3,3,2,3,NO,loss,104148781,Mid,60000000,27623580
1,2,3,7.2,125,3,3,2,3,YES,Mid,62647540,Mid,70000000,27726210
0,2,3,6.5,108,3,4,2,3,NO,loss,602609487,Mid,52000000,27751240
0,1,3,6.1,98,3,4,2,3,NO,loss,107071655,low,9200000,28094014
0,2,3,7.7,129,3,4,2,4,NO,loss,88504640,Mid,45000000,28954945
0,2,3,7.1,136,2,2,2,3,NO,loss,67253092,Mid,30000000,29168180
0,2,3,3,121,3,2,2,3,NO,loss,60072596,Mid,20000000,29289537
0,2,3,6.6,92,2,3,2,4,NO,loss,114324072,Mid,20000000,30070196
0,2,3,7.8,141,4,3,2,4,NO,loss,351112395,Mid,52000000,30082000
0,2,3,5.7,102,4,3,3,4,NO,loss,138191428,Mid,48000000,30181877
0,3,3,7.1,90,3,4,3,3,NO,loss,124870275,High,100000000,30304648
0,2,3,5.9,108,3,2,3,3,NO,loss,80014842,Mid,25000000,30468614
0,2,3,5.2,95,4,4,4,4,NO,loss,113006880,Mid,56000000,30552694
0,2,3,4.8,104,3,3,4,3,NO,loss,110594793,Mid,50000000,30675314
1,3,3,5,88,2,4,2,3,YES,High,119420252,High,150000000,31706934
0,2,3,5.3,91,3,3,2,3,NO,loss,146336178,Mid,25000000,31832636
0,3,3,7.5,128,3,4,2,3,NO,loss,134527196,High,110000000,33369559
0,2,3,6.3,127,4,3,3,4,NO,loss,374111707,Mid,70000000,33614543
0,2,3,7.3,120,4,5,3,3,NO,loss,75754670,Mid,72000000,34539115
0,3,3,8.4,155,4,4,3,4,NO,loss,258264745,High,103000000,34819017
0,2,3,6.7,103,3,4,2,3,NO,loss,266159621,Mid,80000000,34825135
0,2,3,5.8,108,3,3,2,3,NO,loss,180622424,Mid,38000000,35648740
1,3,3,4.9,109,4,5,2,2,YES,High,94770548,High,105000000,35867488
0,3,3,6.5,100,3,4,2,4,NO,loss,118311368,High,110000000,36011243
1,3,3,6.8,140,4,4,2,4,YES,High,105219735,High,200000000,36063385
0,2,3,6.9,122,3,3,4,4,NO,loss,311312624,Mid,85000000,36133403
0,2,3,7,115,3,3,3,3,NO,loss,244082376,Mid,60000000,36367586
1,3,3,3.9,146,3,2,2,3,YES,Low,95328937,High,100000000,36835353
0,2,3,5.9,117,2,4,3,3,NO,loss,116643346,Mid,70000000,37062535
1,3,3,6.7,116,3,5,2,3,YES,High,90755643,High,200000000,37813075
0,2,3,7.6,116,3,3,4,4,NO,loss,450717150,Mid,85000000,38107822
1,3,3,3.4,82,2,4,4,4,YES,Mid,100446895,High,109000000,38329160
0,3,3,6.1,125,3,3,4,4,NO,loss,125531634,High,110000000,39153380
0,2,3,5.5,98,3,4,3,3,NO,loss,264105545,Mid,92000000,40128550
0,2,3,5,83,3,4,2,3,NO,loss,178262620,Mid,45000000,40222875
0,3,3,5.1,112,3,5,3,4,NO,loss,401128639,High,145000000,40457770
0,3,3,6.6,108,2,4,4,3,NO,loss,197992827,High,100000000,41533432
0,3,3,6.4,108,4,5,2,4,NO,loss,574480841,High,110000000,42212651
0,2,3,6.1,106,3,3,2,4,NO,loss,133756285,Mid,75000000,42220847
0,2,3,7.1,86,2,4,2,4,NO,loss,154529187,Mid,85000000,45012998
0,2,3,6.8,99,4,3,2,4,NO,loss,196485100,Mid,75000000,45107871
1,3,3,6.7,138,3,4,3,4,YES,High,133375846,High,150000000,46204168
0,2,3,7.5,81,3,4,2,3,NO,loss,188600000,Mid,59000000,46312454
0,3,3,6.2,147,4,4,4,4,NO,loss,138396624,High,130000000,46522560
0,2,3,6.4,108,3,3,4,4,NO,loss,148213377,Mid,73000000,47042215
0,3,3,6,133,3,4,3,3,NO,loss,431971116,High,142000000,47072040
0,3,3,6.8,126,4,4,2,4,NO,loss,395668139,High,150000000,47743273
0,2,3,6.7,110,3,3,2,3,NO,loss,116724075,Mid,41000000,51240555
0,3,3,4.5,103,4,5,3,2,NO,loss,224070000,High,150000000,51804232
0,3,3,7,115,3,4,3,5,NO,loss,347234916,High,120000000,52179887
0,3,3,6.5,154,3,4,3,3,NO,loss,391081192,High,209000000,52535096
0,3,3,7.7,162,4,5,2,3,NO,loss,185258983,High,130000000,55214334
0,3,3,7.4,117,5,5,3,4,NO,loss,461981126,High,120000000,60119509
0,3,3,8,92,3,4,2,3,NO,loss,255870172,High,115000000,62577067
0,3,3,8.9,148,4,5,2,4,NO,loss,820186685,High,160000000,62785337
1,3,3,5.9,158,5,5,2,3,YES,High,166112167,High,200000000,65237614
0,2,3,8.8,178,4,5,4,4,NO,loss,870761744,Mid,93000000,66114741
0,3,3,6.2,130,4,5,4,4,NO,loss,430000000,Mid,98000000,68139035
0,3,3,8.2,115,4,4,3,3,NO,loss,227225045,High,110000000,69283690
0,3,3,8.2,100,4,4,3,3,NO,loss,864625978,Mid,94000000,70251710
0,3,3,6.6,93,2,4,2,4,NO,loss,238371987,High,165000000,70838207
0,3,3,5.5,183,4,5,2,3,NO,loss,198539855,High,140000000,75177654
0,3,3,6.4,149,3,4,2,3,NO,loss,217536138,High,125000000,77073388
0,3,3,6.8,142,5,5,5,3,NO,loss,338800000,High,115000000,80027814
0,3,3,6.3,124,4,4,4,3,NO,loss,186739919,High,125000000,85807341
0,3,3,7.2,152,4,5,2,4,NO,loss,976475550,High,125000000,90294621
0,3,3,7.7,141,4,5,3,4,NO,loss,761300818,High,130000000,93687367
0,3,3,7.6,157,4,5,2,4,NO,loss,895921036,High,150000000,102335066
0,3,3,7.8,140,5,5,5,3,NO,loss,414318300,High,113000000,108435841
0,3,3,8.7,103,3,5,2,4,NO,loss,635700000,High,200000000,110307189
0,3,3,6.9,104,3,5,3,4,NO,loss,234360014,High,210000000,122861157
0,3,3,6.5,122,4,5,4,4,NO,loss,317011114,High,185000000,126917373
0,3,3,7,169,4,5,4,4,NO,loss,309404152,High,300000000,139802190
0,3,3,8.9,152,4,5,3,4,NO,loss,1001921825,High,185000000,158411483
